user_id,gender,favorite_genres,created_at,updated_at
75729,Bigender,Jazz,2023-04-29T00:52:00.914786,2024-04-08T20:53:47.720743
10550,Gender nonconforming,Funk,2024-10-24T12:01:24.968085,2025-01-17T13:31:12.558691
20237,Genderqueer,Metal,2024-03-16T01:11:47.635101,2024-12-16T00:08:12.676879
62237,Genderfluid,Metal,2023-02-20T01:39:28.444825,2024-11-29T16:48:04.849772
23996,Non-binary,Techno,2024-12-02T17:13:22.150173,2024-10-23T16:13:47.336460
70519,Non-binary,Techno,2023-07-17T14:13:38.265420,2024-08-01T17:07:16.535152
86527,Bigender,Jazz,2023-08-21T03:09:45.856476,2024-02-16T15:40:25.109005
35621,Genderqueer,Punk,2023-11-22T03:56:14.005389,2024-11-07T11:39:43.990680
29016,Male,Alternative,2024-02-02T01:11:04.549977,2024-07-22T02:30:16.419738
84734,Gender nonconforming,Techno,2023-11-19T08:45:48.102189,2024-12-05T15:02:14.209551
58800,Female,Hip Hop,2024-05-25T16:56:17.253604,2024-09-10T22:46:46.318118
70731,Female,Alternative,2023-04-05T09:37:15.712428,2024-06-05T10:14:50.280947
40969,Agender,Electronic,2023-11-23T11:29:51.347924,2025-01-07T20:17:12.822549
59703,Gender nonconforming,Pop,2023-02-16T01:58:53.021371,2024-11-26T22:45:50.165610
21690,Genderqueer,R&B,2025-01-18T14:00:00.412639,2024-08-21T06:18:07.461386
50769,Agender,Electronic,2024-08-15T04:12:48.923209,2024-12-02T15:53:49.527346
31336,Agender,Funk,2024-08-18T00:13:20.626609,2025-01-16T01:32:11.729990
67367,Gender nonconforming,Reggae,2024-03-30T06:59:29.973229,2025-01-11T02:53:51.465303
35784,Gender nonconforming,Funk,2024-12-31T17:05:32.830017,2024-08-20T18:59:13.680124
20656,Bigender,Blues,2024-08-11T21:10:45.939757,2024-05-05T07:05:11.560931
50332,Gender questioning,Classical,2023-12-29T16:12:23.704015,2024-06-04T00:42:42.352257
31136,Gender nonconforming,Indie,2024-07-02T17:48:33.440383,2024-11-03T12:15:35.667853
83344,Agender,Techno,2023-04-13T14:26:50.681753,2024-12-14T08:59:51.913432
47843,Gender questioning,Pop,2023-07-07T16:33:48.024230,2024-07-15T21:53:45.429480
52569,Bigender,Techno,2023-05-31T19:38:06.957070,2024-05-10T07:44:44.514424
50930,Female,Jazz,2024-04-12T17:59:07.935047,2024-10-12T09:41:39.041127
84417,Genderqueer,R&B,2023-05-02T11:13:17.188670,2024-10-20T09:23:50.900394
90314,Agender,Techno,2024-08-31T04:50:32.030644,2024-08-17T23:13:01.786969
35178,Agender,Rock,2023-11-05T17:01:13.288831,2024-06-04T05:04:04.425496
18208,Agender,Punk,2024-03-25T04:37:42.109272,2024-05-18T12:48:40.471809
32797,Gender questioning,Reggae,2023-12-05T16:29:23.210376,2024-09-05T22:26:38.782677
32733,Male,Funk,2023-08-06T23:48:27.560286,2024-12-05T02:54:44.282676
76000,Gender nonconforming,Classical,2023-05-02T03:52:45.079127,2024-06-29T06:48:26.940296
14651,Genderqueer,Pop,2024-09-26T11:48:43.994577,2025-01-20T13:58:17.880580
77446,Genderqueer,R&B,2023-04-14T20:42:42.101697,2024-07-17T15:39:31.989238
15031,Agender,Folk,2024-04-16T19:49:13.823091,2024-06-06T13:51:51.554919
32337,Genderqueer,Metal,2023-05-22T22:31:34.485036,2024-03-13T18:08:12.022191
12966,Female,Folk,2024-12-21T07:11:59.671700,2024-07-31T04:27:48.215231
91271,Non-binary,Punk,2024-05-26T19:16:44.015755,2024-02-07T01:48:47.010032
40417,Female,Hip Hop,2023-03-14T05:59:00.630702,2024-10-25T04:07:46.870990
10944,Genderqueer,Metal,2024-08-11T21:21:28.095300,2024-07-05T13:37:54.235176
7954,Bigender,Techno,2024-02-09T16:31:08.165495,2024-08-12T01:51:07.917844
43650,Female,Country,2024-02-07T12:57:15.928149,2024-09-30T04:59:42.597354
35880,Genderqueer,Rock,2023-12-31T19:06:14.799342,2024-09-29T17:43:46.243764
4900,Gender nonconforming,Alternative,2024-04-09T05:43:18.864539,2024-02-22T02:13:40.612453
97780,Female,Electronic,2024-05-17T20:10:14.734056,2024-08-18T06:27:37.481330
47813,Bigender,R&B,2024-03-08T23:54:15.480152,2024-04-05T15:06:05.754163
53791,Agender,R&B,2024-09-09T02:01:02.647669,2024-06-26T17:33:40.932627
26622,Gender nonconforming,Classical,2024-02-09T11:03:20.680792,2024-11-07T20:42:48.089973
65106,Agender,Pop,2023-08-22T14:10:30.632984,2024-08-04T05:42:32.788315
94603,Female,R&B,2023-05-01T00:00:09.021231,2024-04-17T05:01:15.397617
27230,Genderfluid,Electronic,2023-03-27T01:34:20.931850,2024-10-08T23:38:03.217399
49932,Gender nonconforming,Hip Hop,2024-07-06T04:57:07.117069,2024-02-05T10:15:32.963588
4269,Non-binary,Blues,2023-06-03T20:32:11.285684,2024-09-02T07:10:58.695743
53129,Agender,Pop,2023-02-08T00:18:15.162007,2024-05-16T04:06:11.612030
81757,Non-binary,Pop,2024-05-08T08:29:14.743052,2024-06-01T21:54:18.076333
86147,Female,Metal,2023-08-09T08:24:24.179393,2024-01-30T20:36:12.216943
20185,Female,Metal,2024-12-14T16:02:43.800750,2024-12-18T20:50:08.620204
84415,Genderqueer,Techno,2024-11-09T21:28:01.831494,2024-02-07T08:23:47.157201
27636,Male,Metal,2024-09-28T09:28:37.788522,2024-05-02T02:24:16.677125
51169,Genderqueer,Metal,2024-02-26T12:15:25.161309,2024-04-24T11:48:13.382978
51424,Gender questioning,Indie,2024-02-01T19:51:54.484050,2024-04-16T18:22:22.395865
20807,Agender,Rock,2023-08-04T20:18:57.222250,2024-07-08T05:31:06.450274
74460,Gender questioning,Punk,2024-02-03T15:16:49.239041,2024-05-03T00:44:04.603819
40983,Bigender,Jazz,2024-11-02T18:12:06.437431,2024-11-24T06:30:50.759307
1717,Non-binary,Electronic,2023-11-14T06:04:28.325671,2024-04-29T15:20:00.674689
51949,Bigender,Rock,2023-06-03T03:00:34.922798,2024-11-09T21:59:22.265674
50037,Agender,Country,2023-08-01T12:14:47.725671,2024-07-24T12:39:02.092896
76816,Bigender,Punk,2023-10-10T04:47:26.164426,2024-12-20T07:11:02.153919
10233,Gender questioning,Reggae,2023-04-22T17:47:48.685722,2024-11-04T10:03:41.819560
90819,Genderfluid,Reggae,2024-01-04T05:20:55.366348,2024-05-23T23:01:48.987404
53378,Genderfluid,Techno,2024-09-21T17:01:19.660276,2024-05-02T18:35:22.288026
48768,Male,Country,2023-03-18T17:48:51.118721,2024-02-10T21:41:23.851802
12685,Male,Blues,2023-09-17T16:22:09.633859,2024-02-17T13:58:17.978478
55616,Bigender,Classical,2023-08-08T15:25:54.219044,2024-09-18T11:04:13.186320
87704,Male,Metal,2024-08-26T15:18:22.670669,2024-05-24T11:36:01.976341
74706,Genderfluid,Rock,2024-03-14T07:29:59.055406,2024-09-15T15:47:00.197485
46080,Male,Rock,2023-06-27T20:40:11.025445,2024-05-10T06:46:29.650627
80831,Gender nonconforming,Country,2023-10-04T22:42:05.760946,2024-10-26T20:51:55.079831
65685,Genderfluid,Classical,2024-09-04T23:37:21.526757,2024-08-03T07:42:37.971326
63091,Male,Techno,2023-04-13T20:29:39.502563,2024-02-15T15:16:18.914048
56329,Agender,Indie,2024-12-14T08:18:33.826393,2024-05-06T05:28:27.580601
73159,Agender,Electronic,2023-09-07T09:13:43.384180,2024-09-09T15:05:23.435849
77433,Gender questioning,Blues,2023-06-19T05:09:30.088006,2025-01-01T19:14:07.614983
69690,Non-binary,Country,2024-10-02T05:56:58.722355,2024-04-21T06:09:45.611183
72813,Non-binary,Hip Hop,2024-05-24T01:52:16.598578,2024-04-10T09:21:20.964635
68815,Male,R&B,2023-10-07T06:49:59.945505,2025-01-04T23:43:17.076987
37442,Non-binary,Classical,2025-01-21T14:07:54.245223,2024-10-17T08:56:34.815453
59419,Genderqueer,Techno,2024-09-10T04:34:52.885495,2024-08-14T08:13:18.934818
48508,Genderqueer,Pop,2024-03-29T13:58:29.857458,2024-05-09T19:22:55.285041
13337,Genderfluid,Classical,2023-10-31T20:38:54.560114,2024-06-16T02:23:02.655472
63070,Bigender,Indie,2024-08-17T19:21:19.552600,2024-06-21T13:36:49.110526
86532,Agender,Classical,2023-08-18T21:53:57.529099,2024-10-21T11:12:18.015349
18141,Gender questioning,Punk,2024-02-02T22:28:55.016540,2024-02-03T01:56:14.703066
80339,Male,Metal,2023-05-30T15:34:07.263481,2024-11-23T11:22:10.727155
41457,Gender questioning,Funk,2023-06-24T18:33:22.830304,2024-05-15T02:40:55.388580
60780,Bigender,Jazz,2024-07-04T04:59:26.623418,2024-12-02T14:55:27.457538
68573,Female,Classical,2024-07-12T09:06:59.040465,2024-07-16T22:18:09.226080
64375,Male,Alternative,2023-02-14T17:17:02.262232,2024-04-17T15:34:17.633822
99387,Genderfluid,Rock,2024-08-05T19:57:47.971072,2025-01-16T04:15:00.244671
98491,Genderqueer,Folk,2024-09-08T11:45:22.842932,2024-01-26T17:52:50.907582
23778,Gender nonconforming,Jazz,2024-04-02T04:21:57.311472,2024-05-23T03:37:52.522477
44212,Non-binary,R&B,2023-09-13T13:41:25.336125,2024-06-27T11:15:34.461967
34470,Male,Electronic,2024-11-20T14:28:54.878930,2024-09-13T23:35:20.695337
8398,Gender questioning,Classical,2023-07-23T00:02:49.268059,2024-12-02T06:24:55.688328
76544,Agender,Folk,2024-04-13T18:09:06.481590,2024-06-29T22:25:21.848592
60654,Genderfluid,Hip Hop,2023-02-26T02:05:04.597480,2024-05-04T07:38:09.636656
9733,Non-binary,Pop,2024-12-10T05:05:53.827899,2024-05-23T05:03:54.489982
97466,Gender questioning,Hip Hop,2023-07-11T04:46:55.074381,2024-08-15T20:10:47.542351
73258,Female,Rock,2023-04-01T00:00:54.063600,2024-03-23T12:47:01.970071
72670,Female,Jazz,2023-03-03T10:05:56.325560,2024-11-12T21:14:35.273676
94685,Female,Hip Hop,2024-12-08T01:53:16.757836,2024-03-15T10:37:30.939312
52802,Gender nonconforming,Jazz,2024-05-18T10:40:41.834027,2024-02-19T02:03:34.873182
72719,Non-binary,Folk,2024-01-18T12:08:02.551906,2024-12-09T22:16:12.506077
69764,Bigender,Pop,2024-01-16T21:24:39.705649,2024-03-31T18:51:55.483011
76167,Agender,Country,2024-09-30T23:55:19.304223,2024-06-27T07:19:06.352692
68940,Genderfluid,Pop,2024-02-19T14:38:27.888272,2025-01-08T20:04:27.564037
40712,Bigender,Country,2023-06-02T08:50:52.952424,2024-11-05T12:21:59.108807
13427,Genderqueer,R&B,2024-05-16T02:27:29.086603,2024-08-06T10:01:30.814854
80955,Genderfluid,Pop,2023-12-22T02:59:56.850362,2024-06-25T03:01:08.179591
34864,Gender nonconforming,Pop,2023-06-29T16:18:13.791633,2024-10-16T20:08:27.617240
73555,Gender questioning,Reggae,2024-05-07T11:54:01.133126,2024-06-05T23:25:02.765727
88240,Agender,Techno,2024-12-07T15:21:29.543843,2024-07-17T23:29:44.947403
79718,Gender nonconforming,Electronic,2024-09-28T04:32:13.846551,2025-01-21T08:07:55.544241
45990,Genderqueer,Techno,2024-09-12T08:13:30.043863,2024-07-20T14:19:04.796610
55977,Genderfluid,Electronic,2024-10-02T04:56:53.873111,2024-12-12T15:30:11.868948
87121,Genderfluid,Jazz,2024-03-09T17:06:49.950959,2024-04-03T17:04:46.564811
1722,Genderfluid,Techno,2023-10-05T15:07:47.725193,2024-02-18T21:59:18.972662
38474,Non-binary,Techno,2023-09-03T08:43:48.361253,2024-03-31T09:54:03.765637
84248,Non-binary,Indie,2024-02-08T20:40:23.596146,2024-04-17T18:01:52.904118
73759,Male,Punk,2023-01-30T14:43:15.861909,2024-10-03T05:23:50.058005
1298,Gender questioning,Pop,2023-03-31T03:05:05.884711,2024-07-18T16:18:34.387828
559,Female,Hip Hop,2024-09-24T04:17:22.124367,2024-11-12T17:45:35.945635
68071,Genderfluid,Alternative,2024-10-25T18:08:59.153154,2025-01-13T18:03:43.376005
88831,Gender nonconforming,Folk,2023-06-13T10:40:43.546476,2024-03-01T07:25:33.393265
3852,Bigender,Techno,2024-11-28T06:30:08.962725,2024-02-18T22:40:10.819839
77374,Female,Metal,2024-07-11T16:25:36.995776,2024-01-28T15:48:02.204573
49163,Agender,Reggae,2024-11-15T15:21:13.954583,2024-06-05T14:06:56.179744
50006,Gender questioning,Hip Hop,2023-08-11T03:38:40.884655,2024-04-13T07:01:59.738394
17670,Female,Jazz,2023-03-29T11:18:55.502186,2024-01-26T22:00:36.429433
81767,Male,Rock,2024-04-20T02:32:35.241797,2024-08-31T20:55:12.219283
73019,Non-binary,Hip Hop,2023-06-23T20:35:12.586381,2024-12-19T09:04:07.920974
24225,Gender nonconforming,Alternative,2023-02-09T21:17:19.314253,2024-08-27T11:13:19.835145
51299,Genderfluid,Pop,2023-10-02T16:12:04.268293,2024-03-24T14:37:01.384324
23318,Gender questioning,Funk,2024-07-30T03:53:17.978655,2024-05-05T05:53:08.096086
39397,Genderqueer,Hip Hop,2024-05-05T13:29:48.991926,2024-02-28T19:38:26.327179
87745,Male,Jazz,2023-06-26T12:03:31.532557,2024-10-20T11:27:55.226733
36939,Agender,Reggae,2024-07-11T15:28:31.723727,2024-05-12T01:42:23.343328
39242,Gender nonconforming,Metal,2024-09-24T02:47:16.276877,2024-09-09T11:20:11.989415
66157,Gender nonconforming,Electronic,2024-05-03T18:06:16.601416,2024-12-28T03:36:34.183802
50558,Agender,Rock,2024-01-02T02:10:41.688409,2024-05-03T18:44:08.923317
3770,Female,Classical,2024-03-09T03:01:01.714820,2024-02-28T20:14:33.565830
78958,Gender nonconforming,R&B,2024-05-29T02:21:11.233310,2024-05-05T15:59:05.038739
28794,Non-binary,Hip Hop,2023-03-13T21:19:54.792011,2024-03-30T13:38:24.170808
76334,Agender,Funk,2024-06-09T04:23:25.654084,2024-08-12T19:03:11.323909
60836,Gender questioning,Country,2023-07-06T04:06:12.824968,2024-02-09T03:38:43.249066
39839,Gender questioning,Punk,2023-10-25T12:12:12.395408,2024-04-11T13:32:58.849024
96499,Agender,Hip Hop,2024-08-22T00:43:59.742923,2024-09-08T01:50:44.276264
13446,Genderqueer,Techno,2024-10-19T13:21:48.737245,2024-10-17T09:53:47.153581
29296,Non-binary,Folk,2024-05-21T00:53:33.479504,2025-01-07T00:05:57.618710
26960,Gender nonconforming,Punk,2024-07-31T23:15:26.028820,2025-01-01T00:16:19.451483
98249,Male,Country,2024-02-19T09:55:36.695697,2024-07-02T08:46:21.286017
43898,Genderfluid,Rock,2023-09-22T09:51:21.133955,2025-01-24T13:04:32.730233
89533,Genderqueer,Jazz,2025-01-08T06:12:02.942896,2024-10-07T12:25:50.332062
53958,Non-binary,Rock,2023-07-17T13:41:21.405993,2024-05-03T19:08:32.029860
60994,Genderfluid,Classical,2023-10-17T16:07:26.920271,2024-11-06T04:01:36.979638
42532,Genderqueer,Indie,2024-06-10T06:27:13.718838,2024-07-07T20:31:13.094159
69048,Gender nonconforming,Hip Hop,2023-10-28T23:48:02.941419,2024-09-30T06:47:17.623655
93045,Genderqueer,Folk,2023-12-07T23:05:23.275100,2024-02-13T14:45:50.894541
97621,Female,Jazz,2023-11-05T07:10:53.141730,2024-09-15T05:29:07.647562
42024,Non-binary,Classical,2023-05-12T00:20:14.733786,2024-08-04T06:57:52.757774
95725,Female,Pop,2024-03-15T16:56:47.014557,2024-09-04T23:19:40.621612
41538,Genderfluid,Folk,2025-01-13T06:08:16.788215,2024-05-05T12:00:12.425042
16107,Genderfluid,Rock,2024-02-12T07:04:29.985018,2024-06-07T13:54:29.184659
51243,Non-binary,Indie,2024-07-10T10:52:23.227869,2024-06-01T19:46:15.032531
83752,Genderfluid,Funk,2024-08-05T00:49:54.528826,2024-01-27T21:23:45.686755
74010,Genderqueer,Folk,2024-09-24T08:22:32.603491,2024-04-30T14:12:23.605735
23829,Bigender,Reggae,2024-09-13T06:03:20.107770,2024-03-14T14:29:50.799889
32282,Female,Punk,2023-12-01T04:37:34.845347,2024-02-10T08:59:16.306643
25184,Genderqueer,Pop,2024-10-04T11:08:10.107970,2024-10-17T16:07:42.984853
72442,Genderfluid,Rock,2023-11-02T22:42:01.373457,2024-10-22T23:03:09.357723
95131,Genderqueer,Country,2024-05-11T10:17:07.021798,2024-11-22T01:06:20.489284
53551,Gender nonconforming,Indie,2024-12-05T20:14:31.195251,2024-12-29T13:44:20.111976
56821,Genderfluid,Jazz,2024-05-11T17:30:04.588490,2024-07-18T12:23:46.206580
73711,Genderfluid,Techno,2024-01-26T11:44:05.373921,2024-10-09T06:03:35.293266
86672,Agender,Jazz,2024-12-18T13:46:06.765440,2024-12-28T19:03:58.885594
8119,Bigender,Hip Hop,2024-07-22T09:33:25.128591,2024-04-24T10:24:09.039364
65782,Genderqueer,Jazz,2024-03-12T01:49:40.549740,2025-01-04T19:54:28.198053
35847,Gender questioning,Pop,2023-06-02T08:31:41.909337,2025-01-16T16:37:56.574003
48451,Agender,Rock,2024-03-16T23:27:11.188252,2024-05-20T13:47:00.035714
73084,Genderqueer,Blues,2023-06-12T21:12:00.061474,2024-06-30T01:19:57.639368
53214,Bigender,R&B,2024-09-12T20:43:33.958881,2024-07-21T15:46:59.879767
58916,Gender nonconforming,Classical,2024-05-15T03:52:07.737630,2024-02-13T17:22:42.563731
89116,Female,Funk,2023-10-23T04:29:52.136809,2024-12-20T01:13:23.995860
96788,Genderqueer,Alternative,2023-06-10T13:27:55.714205,2024-07-31T05:21:40.777213
72192,Agender,Techno,2023-03-26T22:30:09.597842,2024-05-17T17:16:35.876960
52906,Bigender,Country,2024-11-21T09:05:15.917812,2024-04-18T14:22:42.015945
17938,Genderqueer,Rock,2024-01-31T07:40:41.854934,2025-01-10T02:52:33.706492
70096,Agender,Reggae,2024-05-03T17:42:36.392807,2024-02-18T13:24:48.149897
36265,Male,Jazz,2025-01-21T09:33:06.747802,2024-10-17T01:45:22.800331
21275,Female,Indie,2023-09-18T11:18:59.682146,2024-11-26T08:38:52.304435
17366,Gender nonconforming,R&B,2024-04-04T05:47:09.531306,2024-12-19T19:00:29.152838
27153,Female,Classical,2023-09-04T23:01:53.782903,2025-01-14T04:44:24.963283
14548,Bigender,Electronic,2023-04-12T07:43:09.193221,2024-03-26T07:19:39.136369
52988,Agender,R&B,2024-02-07T11:43:44.400932,2024-04-04T06:42:26.883145
8946,Gender nonconforming,Reggae,2024-10-03T13:20:12.639487,2024-11-05T00:28:26.739436
84405,Non-binary,Techno,2024-01-28T16:36:16.772568,2024-03-21T10:11:43.694458
95665,Bigender,Country,2023-11-11T11:17:52.267148,2024-07-13T01:48:52.619972
32603,Genderqueer,Funk,2024-02-14T18:26:57.242154,2024-01-30T10:00:17.769336
15080,Gender questioning,Rock,2024-02-11T09:54:37.594688,2024-01-26T04:14:25.412838
30289,Female,Funk,2024-09-19T18:48:08.900375,2024-04-04T00:13:56.301735
22829,Genderfluid,Metal,2024-04-26T22:10:10.681756,2024-02-26T05:33:00.639058
17019,Genderfluid,Alternative,2024-11-08T15:15:39.130930,2024-10-02T21:07:24.160086
5170,Bigender,Reggae,2024-09-21T18:32:06.112285,2024-01-27T18:34:36.680927
22309,Gender questioning,Pop,2024-05-18T02:52:39.929506,2024-11-19T12:01:20.148461
37864,Male,Country,2024-11-08T02:22:33.305242,2024-05-09T13:10:16.985088
78682,Gender questioning,Electronic,2023-03-07T05:17:03.961217,2024-05-08T10:01:31.130064
69082,Gender questioning,Classical,2024-11-23T19:41:02.117216,2024-11-08T13:56:52.929506
66331,Genderqueer,Techno,2024-11-14T21:23:05.182451,2024-10-16T22:23:08.222147
61797,Agender,Techno,2023-08-09T22:22:26.458859,2024-04-19T05:53:02.968220
74683,Gender questioning,Funk,2024-07-17T18:09:10.685717,2024-08-09T02:12:42.450389
67545,Genderqueer,Hip Hop,2024-03-31T20:32:11.288029,2024-06-30T01:02:07.670995
52807,Gender questioning,Pop,2024-03-19T20:54:55.740993,2024-11-08T18:48:08.920921
98096,Gender nonconforming,Electronic,2024-04-24T11:16:26.001398,2024-11-30T18:14:12.102697
66196,Gender questioning,Funk,2024-01-22T13:33:25.889860,2024-11-15T18:48:52.893965
19636,Bigender,Country,2024-04-26T01:13:54.422577,2024-06-22T22:51:14.660415
66284,Gender questioning,Reggae,2023-07-21T11:46:11.001633,2024-02-06T04:19:57.964190
78493,Non-binary,Electronic,2024-10-14T02:39:39.336184,2024-11-13T12:22:51.468656
12586,Genderfluid,Funk,2024-07-11T14:47:36.518766,2024-12-31T04:35:52.097511
64942,Agender,R&B,2023-06-30T16:29:49.214865,2024-03-14T07:05:13.757375
84380,Genderfluid,Funk,2023-06-20T05:47:32.487264,2024-12-02T03:13:10.328101
80694,Male,Punk,2023-07-17T08:23:11.816660,2024-11-16T16:58:02.284375
85691,Genderfluid,Reggae,2024-02-29T10:17:22.059188,2024-05-13T21:38:18.870573
22610,Agender,Rock,2024-09-23T10:46:46.654643,2024-08-05T09:38:08.007298
1961,Non-binary,Punk,2023-12-27T04:56:25.176663,2024-08-16T16:30:33.115099
84003,Non-binary,Metal,2024-04-22T01:29:27.899477,2024-06-21T04:30:32.865876
2914,Agender,Techno,2023-09-19T14:24:38.665739,2024-07-14T22:03:15.896625
65268,Gender nonconforming,Pop,2023-06-27T11:09:46.998999,2024-04-07T21:31:54.299941
94716,Gender nonconforming,Indie,2024-02-18T14:33:40.482873,2024-07-06T16:08:08.551262
48474,Non-binary,Classical,2024-12-05T03:30:23.963134,2024-11-05T06:29:44.907829
60129,Female,Folk,2023-06-17T17:50:53.714176,2024-07-23T12:37:10.399542
29602,Male,Classical,2023-11-02T09:11:27.028625,2024-08-11T13:46:16.462319
74741,Gender questioning,Electronic,2023-06-26T00:49:20.723342,2024-11-19T21:19:10.194431
2406,Gender questioning,Funk,2023-09-29T21:06:36.366852,2024-05-27T18:12:39.933027
75918,Female,Funk,2024-08-07T20:51:40.883104,2024-10-20T15:05:51.002666
78075,Non-binary,Pop,2024-03-28T16:18:38.339951,2024-09-27T19:59:36.176782
32350,Non-binary,Country,2024-04-01T10:35:59.327062,2024-04-19T09:04:20.694280
49544,Gender nonconforming,Hip Hop,2024-10-16T07:09:14.833737,2025-01-10T16:15:24.943537
48561,Gender nonconforming,Rock,2024-01-08T04:31:39.870645,2024-12-11T16:41:11.986129
65469,Gender nonconforming,Country,2024-04-17T03:53:15.541526,2024-05-10T03:49:28.955094
88138,Agender,Blues,2023-11-26T01:38:48.915272,2024-07-13T00:47:56.302289
70032,Male,Electronic,2023-08-14T07:55:54.567011,2024-10-23T15:48:23.337532
83401,Genderqueer,R&B,2023-04-27T21:24:58.000546,2025-01-05T12:58:04.496546
63654,Gender nonconforming,Jazz,2023-06-07T01:47:41.058815,2024-06-07T16:58:28.716713
81253,Genderfluid,Jazz,2024-08-17T22:58:53.636306,2024-06-25T14:12:38.089290
9156,Gender nonconforming,Alternative,2023-07-22T09:59:31.019808,2024-09-08T12:01:52.439620
95018,Bigender,Electronic,2024-06-19T09:54:58.998538,2024-12-27T00:43:08.013778
43981,Non-binary,Punk,2024-03-15T21:18:37.704417,2024-11-13T20:15:42.558064
37560,Female,Reggae,2023-06-03T22:20:56.835723,2024-06-17T23:25:41.608520
33864,Gender nonconforming,Pop,2024-07-01T02:45:10.474404,2024-09-24T14:36:12.291306
87013,Gender nonconforming,Blues,2023-12-20T13:54:09.021854,2024-03-05T21:01:48.224395
65336,Gender nonconforming,Techno,2025-01-15T14:04:20.300079,2025-01-14T05:10:04.672895
56917,Agender,Alternative,2023-06-10T18:47:43.950323,2024-10-14T11:00:39.475535
58726,Female,Reggae,2023-08-22T05:28:08.938869,2024-12-30T06:29:27.611752
68645,Female,Punk,2024-09-17T02:51:23.493514,2024-06-10T03:55:00.757042
8765,Male,Pop,2023-06-07T07:29:01.894714,2024-06-20T17:04:41.757643
15105,Genderfluid,Electronic,2024-09-03T14:05:37.019201,2024-07-01T09:05:19.645332
34676,Male,Jazz,2024-01-07T19:50:05.993842,2024-06-11T09:04:11.561175
38112,Non-binary,Classical,2024-12-27T01:04:37.795694,2024-06-21T02:10:38.684957
13213,Genderqueer,Indie,2023-11-08T14:39:56.416856,2024-04-17T03:43:51.753585
73222,Non-binary,Classical,2024-08-22T14:50:53.561018,2024-09-06T07:51:14.953332
1229,Bigender,Jazz,2024-07-31T10:18:01.016400,2024-03-11T06:12:39.443603
76732,Non-binary,Blues,2024-02-21T05:14:48.204777,2024-07-26T10:45:25.900009
9084,Gender questioning,Classical,2023-03-16T09:30:25.918410,2024-12-25T01:37:14.149674
67464,Gender questioning,Funk,2023-03-03T23:57:06.814679,2024-10-09T17:40:04.428085
91712,Gender nonconforming,Funk,2023-09-06T07:06:09.228047,2024-11-07T05:39:09.643991
32313,Genderfluid,Punk,2023-03-30T03:55:52.766872,2024-12-09T11:06:06.194576
13428,Female,Country,2023-10-05T00:07:58.510737,2024-12-14T14:53:33.767803
70184,Gender questioning,Electronic,2023-05-17T10:33:32.454919,2024-11-12T18:15:50.372633
67124,Agender,Reggae,2024-01-15T06:26:24.387003,2024-11-20T11:02:43.662724
43299,Male,Metal,2024-05-15T07:45:11.368212,2024-02-22T15:13:56.344819
63047,Bigender,Blues,2023-12-12T17:34:19.266246,2024-05-30T16:25:01.629230
69807,Agender,Metal,2023-04-06T16:56:54.759671,2024-04-13T23:51:53.842807
90409,Male,Hip Hop,2023-09-08T12:32:00.572959,2024-01-30T17:50:57.129432
77677,Gender nonconforming,Rock,2024-12-25T15:05:34.068977,2024-03-10T20:50:06.809925
35021,Agender,Alternative,2024-09-04T17:51:08.629715,2024-08-10T14:13:32.745716
58793,Genderfluid,Pop,2024-10-25T01:47:30.613626,2024-10-31T17:59:21.071567
51490,Agender,Punk,2023-08-24T17:17:54.600690,2024-12-29T17:28:56.363099
89,Male,Pop,2024-09-26T02:50:27.832500,2024-08-13T03:55:49.083022
56764,Agender,Jazz,2023-04-01T22:57:44.893394,2024-11-24T06:16:07.747563
2427,Male,Funk,2024-02-19T22:48:15.481409,2024-02-11T22:50:58.956548
4590,Female,Alternative,2024-05-26T03:50:06.774000,2024-03-24T10:40:37.188736
53434,Non-binary,Electronic,2024-05-21T18:57:35.714108,2024-03-02T18:29:53.517323
56159,Genderfluid,R&B,2024-04-19T21:36:56.538028,2024-06-09T03:35:25.036591
24677,Genderfluid,Funk,2023-07-17T01:28:53.056795,2024-09-23T10:08:29.987852
75823,Gender nonconforming,Techno,2023-07-25T10:56:08.528276,2024-05-12T18:27:52.947055
73922,Agender,Jazz,2023-12-01T06:05:34.931534,2024-12-16T04:38:14.887934
99827,Male,Classical,2025-01-05T00:21:09.593539,2024-08-05T09:02:02.025958
96148,Non-binary,Alternative,2024-01-06T07:09:29.697071,2024-08-13T22:42:12.354944
57190,Non-binary,R&B,2024-06-19T13:00:41.190287,2024-02-08T19:20:56.979700
52719,Male,Hip Hop,2023-02-12T13:16:49.337826,2024-03-30T01:19:17.196694
40555,Agender,Rock,2024-12-11T05:11:50.597027,2024-07-08T15:12:06.455756
77033,Male,Rock,2023-06-05T11:11:02.155440,2024-04-27T13:41:41.771230
70122,Genderfluid,Indie,2023-03-12T01:50:43.262759,2024-02-15T02:01:55.128373
48457,Genderqueer,Pop,2024-02-11T17:45:54.100986,2024-11-09T23:35:22.104201
30525,Genderfluid,Punk,2023-10-20T04:15:03.461075,2024-02-25T23:22:33.850435
36453,Genderfluid,Metal,2023-08-05T04:11:34.144264,2024-02-23T13:26:00.387313
99469,Genderfluid,Blues,2023-07-03T16:09:58.733116,2024-11-12T13:46:36.754980
20919,Male,Alternative,2024-02-20T01:27:25.528126,2024-09-24T01:22:17.046934
15280,Non-binary,Alternative,2024-06-08T21:08:30.483694,2024-08-20T01:02:48.667952
56018,Bigender,Classical,2024-11-23T17:11:50.199856,2024-12-08T10:39:21.500315
34714,Male,R&B,2024-12-01T07:32:11.997958,2024-10-05T08:37:54.862906
80944,Non-binary,Indie,2023-03-18T20:00:00.549016,2024-10-06T08:45:16.108542
86952,Gender nonconforming,Classical,2023-10-06T14:26:54.213527,2024-08-20T20:22:26.475315
86610,Gender questioning,Country,2024-07-30T23:55:29.694289,2024-11-03T14:08:08.803094
49731,Non-binary,Classical,2023-09-02T20:22:25.786995,2024-07-14T17:42:28.378346
95291,Male,Metal,2024-08-15T08:15:14.008821,2024-03-31T09:48:21.973831
10468,Male,Pop,2024-02-25T18:29:39.912407,2024-02-19T07:29:42.851843
12648,Gender nonconforming,Alternative,2023-10-28T22:29:18.837998,2024-03-04T15:11:00.769911
56155,Gender nonconforming,Folk,2023-11-12T08:41:54.797616,2024-04-24T04:26:22.628714
75170,Gender questioning,Reggae,2023-05-02T11:47:13.855062,2024-10-29T10:35:53.657744
64201,Male,Alternative,2024-02-14T03:21:26.538816,2024-11-16T15:46:03.773330
87529,Male,Indie,2024-07-22T05:58:15.061857,2024-11-01T16:22:01.308562
59239,Female,Jazz,2024-07-07T23:01:54.466837,2024-02-01T09:57:23.225933
94016,Genderfluid,Alternative,2023-12-24T15:29:39.322102,2024-03-25T00:44:30.944922
26432,Genderfluid,Funk,2024-01-03T22:20:06.912393,2024-04-20T13:46:32.487836
79400,Gender questioning,R&B,2024-05-21T22:03:00.430053,2024-02-10T13:14:04.029629
19010,Gender nonconforming,Funk,2023-05-18T16:04:02.454704,2024-05-10T00:33:25.468113
16842,Genderqueer,Classical,2023-05-30T19:41:13.593635,2024-04-16T14:18:20.732388
9194,Non-binary,Blues,2023-04-05T23:40:00.006162,2024-11-24T04:41:09.569530
70757,Gender nonconforming,Rock,2023-09-22T17:11:53.246370,2024-06-11T01:58:31.992968
46420,Gender questioning,Pop,2023-03-06T11:18:09.409773,2024-11-18T08:07:39.253847
50286,Non-binary,Indie,2024-02-22T02:00:19.947347,2024-09-14T08:51:02.814316
91667,Genderqueer,Country,2024-05-31T06:49:24.633980,2024-01-29T04:35:23.235062
89428,Bigender,Blues,2024-11-12T05:20:22.994018,2024-05-23T12:02:02.159005
70031,Bigender,Blues,2023-07-23T10:13:13.324684,2024-12-15T01:01:28.903346
69059,Genderqueer,Techno,2023-04-15T08:23:26.091366,2024-07-24T09:10:45.959006
19226,Male,Jazz,2024-03-12T12:33:22.212406,2024-04-14T23:07:47.180645
34066,Non-binary,Indie,2024-01-22T14:27:19.411301,2024-10-06T23:42:05.549950
28812,Agender,Electronic,2024-12-29T18:14:29.753173,2024-04-30T15:24:14.681725
80639,Genderqueer,Indie,2024-08-13T15:05:04.100897,2024-07-20T06:51:42.694762
47651,Male,Reggae,2023-09-28T05:32:24.296509,2024-04-29T13:55:04.455953
97420,Gender questioning,Folk,2024-03-08T04:02:44.896853,2024-07-25T01:02:56.566387
88364,Gender questioning,Alternative,2024-10-05T07:35:20.325747,2024-03-09T18:54:24.660472
83557,Female,Pop,2024-03-08T14:30:09.890481,2024-06-18T21:33:14.665671
15269,Agender,Jazz,2024-10-31T14:35:02.466642,2024-11-07T22:59:10.227450
83304,Female,Blues,2023-02-01T13:20:09.950424,2024-07-04T08:40:51.600266
95517,Genderqueer,Reggae,2024-06-12T12:14:10.344298,2025-01-20T03:30:20.050545
61991,Genderfluid,Jazz,2023-03-06T00:13:10.116947,2024-04-16T16:16:12.985709
89274,Female,Classical,2023-06-23T05:23:19.632204,2024-08-27T06:19:12.721694
93142,Genderqueer,Techno,2023-05-07T13:31:57.914389,2024-04-25T23:01:46.631027
67712,Gender nonconforming,Classical,2023-09-17T04:43:33.848042,2024-03-28T03:45:46.064346
80081,Genderfluid,Punk,2024-04-23T03:50:20.994389,2025-01-18T20:31:08.389966
47443,Gender questioning,Funk,2023-08-12T22:38:50.659930,2024-08-04T19:05:23.545067
85445,Female,Pop,2024-11-11T18:27:34.312741,2024-06-10T20:43:20.720169
44677,Female,Country,2025-01-17T23:51:03.922459,2024-12-08T09:37:32.935867
75622,Non-binary,Electronic,2024-03-26T10:16:21.679964,2024-12-28T08:44:30.350986
27451,Gender questioning,Classical,2024-12-13T03:47:38.534532,2024-06-20T14:48:50.433933
87172,Gender nonconforming,Alternative,2024-05-03T17:01:49.668344,2024-08-26T05:10:29.691036
69739,Bigender,Punk,2024-07-27T18:18:03.536951,2025-01-24T01:23:10.862574
39695,Bigender,Funk,2023-05-20T04:47:39.562688,2024-02-02T20:00:12.525064
73547,Male,Reggae,2023-03-14T21:01:41.077269,2024-11-04T00:01:46.806677
43368,Non-binary,Folk,2024-05-21T12:52:19.092552,2024-10-24T20:09:57.751676
22763,Bigender,Hip Hop,2023-10-29T10:33:25.165088,2024-05-14T17:31:03.420738
10887,Genderqueer,Country,2024-10-24T23:08:48.492295,2024-12-04T11:43:14.660889
48555,Agender,Electronic,2024-01-25T05:04:27.887129,2025-01-02T16:32:53.994826
85437,Female,Alternative,2023-11-08T14:13:10.671749,2024-03-02T03:51:51.083092
70398,Genderqueer,Folk,2024-06-24T21:10:14.477213,2024-08-02T18:26:03.641301
31384,Female,Funk,2023-12-08T20:07:02.521496,2024-11-07T21:52:05.801747
91739,Male,Rock,2023-07-01T22:31:24.171847,2025-01-17T03:34:32.921112
64469,Genderfluid,Reggae,2025-01-19T07:36:36.411839,2024-05-18T09:47:55.592492
74045,Female,Techno,2023-05-03T11:40:28.335138,2024-11-01T20:25:39.674575
26767,Genderqueer,Metal,2024-09-30T17:07:03.517672,2024-04-19T12:35:34.556279
47819,Genderqueer,Indie,2023-09-20T06:29:59.774727,2024-04-15T05:42:19.491524
17266,Male,Rock,2025-01-01T18:04:37.450613,2024-08-05T13:47:25.908705
62126,Non-binary,Punk,2023-05-18T22:13:43.566164,2024-05-10T10:21:27.305468
19942,Female,Blues,2023-06-01T16:33:43.587486,2024-03-27T02:12:17.949332
18745,Female,Blues,2023-02-23T15:08:24.833552,2024-09-28T14:37:39.601708
66773,Gender questioning,Blues,2024-10-10T21:27:56.584094,2024-04-26T16:24:50.374883
9838,Bigender,Pop,2024-07-23T03:07:45.225835,2024-11-04T20:01:59.973553
1609,Gender nonconforming,Rock,2023-05-03T23:48:03.336625,2024-09-14T02:56:47.293103
88554,Gender nonconforming,Hip Hop,2023-05-31T04:59:21.344454,2024-03-24T04:34:05.969377
78425,Gender nonconforming,Techno,2024-08-25T07:53:18.484727,2024-12-12T03:03:04.534585
52450,Bigender,R&B,2023-11-01T09:52:34.641308,2024-08-14T17:32:01.079704
75560,Bigender,Metal,2023-07-13T13:29:15.415875,2024-06-02T22:41:43.954081
15996,Bigender,Hip Hop,2024-08-11T05:13:21.266797,2024-06-11T05:50:14.003622
12848,Gender nonconforming,Jazz,2024-10-29T18:55:20.105150,2024-10-17T19:53:09.897005
70993,Female,Jazz,2023-12-23T10:36:43.336392,2024-11-26T00:32:31.057422
82560,Gender questioning,R&B,2024-03-10T20:58:15.512246,2024-11-11T18:11:05.282644
83967,Agender,Punk,2024-05-31T23:57:36.897170,2024-02-04T11:14:38.547019
93107,Gender nonconforming,Alternative,2023-06-12T11:27:28.902782,2024-07-31T17:05:59.925855
35531,Non-binary,Jazz,2024-08-20T10:52:20.772482,2024-11-10T00:05:30.292433
40497,Genderfluid,Funk,2023-11-17T20:48:11.572572,2024-12-13T03:55:01.520603
67091,Gender questioning,Punk,2024-09-20T08:18:24.285170,2024-08-08T07:35:32.427536
48464,Bigender,Blues,2024-04-22T07:30:07.576466,2024-03-15T13:08:59.541087
5255,Gender nonconforming,Metal,2024-03-09T12:40:33.250105,2024-02-01T00:43:27.942290
93498,Genderfluid,Jazz,2024-09-27T02:17:46.043875,2024-11-29T18:45:37.942943
53496,Genderfluid,Metal,2024-11-14T16:42:41.519472,2024-03-02T04:03:32.430689
21505,Gender nonconforming,Blues,2023-10-17T12:15:47.260978,2024-01-27T05:35:24.444415
83367,Genderfluid,Funk,2024-12-11T01:24:59.522388,2024-04-12T15:21:06.479534
65034,Genderfluid,Reggae,2023-11-24T02:14:56.888410,2024-11-19T12:13:18.056041
79592,Gender questioning,R&B,2024-11-12T18:09:09.293810,2024-02-21T18:01:42.923308
83039,Female,Classical,2023-09-29T22:00:06.403738,2024-06-10T02:45:37.325274
42336,Male,Funk,2024-08-15T00:17:20.911902,2024-07-10T20:35:34.813909
62585,Bigender,Funk,2025-01-20T20:51:24.970846,2024-10-23T05:31:15.936581
75030,Bigender,Rock,2024-10-12T18:47:47.945057,2024-07-30T12:47:34.271167
17283,Female,Folk,2024-08-12T02:35:53.625356,2024-12-10T09:25:22.457953
46329,Female,Folk,2023-06-15T02:01:46.161258,2024-06-05T10:49:06.742406
15960,Genderfluid,R&B,2023-03-10T01:33:08.384639,2024-05-30T21:59:05.776186
12960,Male,Country,2024-11-30T23:54:27.764101,2024-03-23T18:13:36.475718
83337,Gender questioning,R&B,2023-12-04T00:41:24.801740,2024-07-31T18:50:18.270456
35652,Gender nonconforming,Funk,2023-09-05T19:20:11.679063,2024-10-06T17:15:32.118898
98929,Bigender,Punk,2023-02-03T19:32:00.371645,2024-08-18T15:05:05.783540
33434,Agender,Electronic,2024-04-06T18:17:41.369527,2024-06-20T23:09:16.767871
11446,Gender nonconforming,Metal,2024-11-30T04:27:30.343557,2024-02-17T21:07:43.429279
85416,Gender nonconforming,Metal,2024-08-25T13:38:55.118063,2024-10-16T17:46:31.385394
16230,Gender nonconforming,Country,2024-06-27T19:33:38.145837,2024-03-28T08:23:23.842371
5849,Male,Techno,2023-01-31T19:28:19.173755,2024-07-15T11:58:14.602221
55568,Gender questioning,Electronic,2024-08-11T09:11:00.793698,2024-06-25T04:36:07.632220
86734,Female,Metal,2024-11-10T00:23:49.569341,2024-10-13T01:11:23.943856
41539,Non-binary,R&B,2024-07-26T11:56:25.590094,2024-07-13T10:17:12.286231
60320,Gender questioning,Indie,2024-02-19T02:24:02.288008,2024-06-07T23:33:00.451200
67246,Agender,Rock,2023-03-29T02:22:35.974462,2024-06-02T07:44:15.936507
82522,Female,Techno,2024-05-02T16:15:25.202521,2024-11-12T18:09:31.091593
79931,Gender nonconforming,Punk,2023-03-11T20:53:54.696564,2024-07-30T02:29:30.064121
54387,Gender nonconforming,Punk,2023-11-20T13:26:06.394105,2024-12-16T23:26:49.691850
25502,Genderqueer,Electronic,2023-04-17T15:50:54.728590,2024-03-15T22:19:15.614089
43207,Bigender,Reggae,2024-04-19T22:58:10.233346,2024-05-27T19:41:53.692350
517,Genderqueer,Reggae,2023-05-07T17:26:23.865123,2024-07-29T00:39:10.788843
92625,Female,Country,2023-03-11T23:08:33.728696,2024-04-24T09:45:41.196272
96529,Genderfluid,Punk,2023-02-10T21:37:59.102861,2024-12-06T14:04:34.888400
14357,Gender nonconforming,Techno,2024-06-29T00:07:01.367705,2024-08-09T22:10:08.350732
55810,Agender,Classical,2024-06-02T20:39:51.163975,2024-04-11T01:55:19.175335
59940,Male,Blues,2023-03-26T04:24:35.835474,2024-03-14T00:54:19.637284
18340,Female,Techno,2023-03-20T03:49:48.288540,2024-07-19T13:32:05.303479
65114,Genderfluid,Punk,2023-04-24T09:52:45.655455,2024-05-27T01:44:29.040146
26743,Agender,Reggae,2023-02-22T05:54:10.625278,2024-11-15T10:51:54.724920
93109,Male,R&B,2023-07-26T01:36:22.734889,2024-02-19T02:09:34.600066
16937,Non-binary,Electronic,2023-02-27T14:14:19.387358,2024-09-18T06:50:18.523798
39628,Non-binary,Pop,2023-02-01T03:33:07.299838,2024-09-06T20:29:22.279046
78192,Non-binary,Blues,2024-07-03T16:59:16.755826,2024-07-30T02:23:26.550282
70119,Genderqueer,Classical,2024-05-25T15:37:27.535231,2024-05-03T23:52:15.093842
6176,Bigender,Country,2024-08-05T17:13:24.882751,2024-07-10T09:24:39.997957
23978,Female,Pop,2023-12-02T01:34:38.211624,2024-03-03T07:26:48.293379
23767,Male,Hip Hop,2023-04-10T21:33:13.443709,2024-02-25T02:30:03.093539
6065,Female,Pop,2023-11-07T10:11:04.175097,2024-05-14T22:43:33.473453
86032,Genderqueer,Punk,2023-12-06T01:47:32.403583,2024-07-13T18:44:42.916648
67856,Female,Folk,2024-10-10T14:45:10.451453,2024-05-20T21:02:58.813646
33675,Agender,Indie,2024-03-14T17:25:33.476567,2024-11-16T11:51:53.225792
9650,Genderfluid,Folk,2023-06-03T19:34:17.270169,2024-10-02T19:06:56.244298
13950,Gender nonconforming,Folk,2023-12-13T19:56:34.844507,2024-02-25T06:25:52.136841
28906,Agender,Jazz,2023-05-31T18:09:57.902251,2025-01-02T14:00:57.893734
28231,Non-binary,Pop,2024-03-28T17:39:48.381540,2024-03-26T16:46:06.098717
50063,Female,Metal,2024-11-18T01:30:22.103129,2024-05-16T02:16:23.410102
24670,Genderfluid,Indie,2024-01-16T17:54:33.818043,2024-04-07T11:29:08.871546
35394,Non-binary,Punk,2024-12-21T20:11:01.905874,2024-07-28T10:43:16.483078
21588,Gender questioning,Pop,2023-02-25T19:11:30.968152,2024-11-06T12:57:34.731493
71519,Male,Hip Hop,2024-09-12T17:49:37.627735,2024-11-03T22:10:45.046514
46248,Male,Alternative,2023-02-13T03:47:48.672604,2024-04-23T14:09:36.321662
94322,Genderqueer,Country,2023-11-17T06:59:25.476253,2024-12-09T12:43:44.100432
67321,Agender,Rock,2023-06-14T03:15:26.038074,2024-07-27T06:29:52.273961
72359,Genderqueer,Techno,2024-03-17T12:16:07.138358,2024-03-17T04:06:41.411415
81080,Genderqueer,Electronic,2025-01-05T22:22:30.317929,2024-09-10T00:04:41.446961
19528,Gender questioning,Punk,2023-06-01T01:29:52.160314,2024-05-14T08:28:58.400583
45862,Female,Funk,2023-11-29T20:58:11.133887,2024-12-06T04:10:40.930642
81665,Genderfluid,Reggae,2023-11-29T21:30:08.321760,2024-08-25T21:13:48.633402
26082,Genderfluid,Metal,2023-03-10T15:13:40.087129,2024-09-12T14:19:03.100370
46462,Female,Folk,2024-02-17T10:08:19.133704,2024-02-10T22:52:19.509593
64374,Non-binary,Rock,2023-09-01T09:44:53.987721,2024-07-03T22:09:43.328856
11464,Non-binary,Techno,2023-02-20T23:44:29.898508,2024-10-16T07:07:04.387706
53800,Genderfluid,Punk,2024-08-16T18:26:15.276797,2024-11-08T11:02:32.762760
98065,Genderfluid,Metal,2024-11-13T03:30:30.050512,2024-10-12T19:11:52.901855
48196,Male,Country,2023-06-30T16:13:46.135664,2024-05-25T01:44:26.717575
77662,Female,Jazz,2023-12-15T14:17:41.746969,2024-11-27T07:00:53.517079
30098,Gender questioning,Electronic,2024-05-05T09:01:39.843879,2024-07-24T04:09:38.853562
7100,Bigender,Reggae,2023-09-17T01:53:20.489677,2024-08-13T07:51:07.583696
74110,Non-binary,Reggae,2024-10-28T17:45:56.056799,2024-05-07T04:36:06.427194
28079,Gender questioning,Folk,2023-04-26T11:47:29.028885,2024-09-07T08:11:10.999602
18992,Gender nonconforming,Funk,2023-01-30T21:44:50.153407,2024-03-03T06:49:50.135478
55579,Male,Funk,2023-07-02T13:11:43.533983,2024-12-29T04:04:25.995065
63813,Non-binary,Indie,2023-12-09T02:23:17.532817,2024-06-26T22:40:41.561047
38295,Agender,Indie,2023-02-15T22:32:05.933527,2024-10-10T13:54:35.612697
37549,Female,Classical,2024-05-03T11:28:16.585483,2024-07-12T19:40:29.372153
16308,Bigender,Metal,2024-08-19T09:38:23.512277,2024-08-21T11:26:27.085999
82373,Agender,Metal,2023-08-04T00:29:00.737969,2024-03-24T10:22:16.363150
26474,Non-binary,Punk,2023-07-01T17:46:33.254096,2024-08-31T12:33:56.242729
84802,Gender nonconforming,Electronic,2025-01-22T21:20:08.121892,2024-03-10T05:41:14.075390
70191,Female,Country,2023-07-31T08:06:47.811865,2024-06-02T08:09:46.888473
94257,Female,Electronic,2024-12-03T18:39:24.257504,2024-02-29T07:34:52.980509
41543,Gender nonconforming,Funk,2024-03-23T06:44:57.979894,2024-08-07T06:01:09.986910
94747,Non-binary,Hip Hop,2024-06-11T17:18:18.836777,2024-08-04T06:27:09.272413
34805,Bigender,Hip Hop,2023-11-29T01:33:39.049921,2024-04-03T13:23:55.164718
57337,Female,Rock,2023-10-01T12:21:42.889829,2024-08-15T20:03:45.115107
18107,Genderfluid,Reggae,2023-07-21T15:50:12.379426,2024-12-25T16:46:48.975224
13614,Non-binary,Jazz,2023-11-30T08:49:56.016420,2024-10-16T19:26:21.881726
1053,Genderfluid,Jazz,2023-12-13T23:06:24.765406,2024-07-30T12:03:04.162330
6897,Gender nonconforming,Metal,2024-06-15T09:52:49.920106,2024-12-09T07:00:23.524105
28057,Gender questioning,Punk,2023-12-23T10:20:53.773265,2024-05-23T05:52:14.202383
36541,Gender questioning,Punk,2023-06-17T07:52:26.760569,2024-07-12T13:30:45.846017
57109,Genderqueer,Indie,2023-03-11T00:53:42.967744,2024-09-18T01:19:53.138056
99642,Gender nonconforming,Blues,2023-03-16T03:29:12.638423,2024-12-05T02:26:20.928095
12680,Male,Punk,2025-01-18T05:34:49.285299,2024-10-19T19:45:29.573464
63028,Gender questioning,Classical,2023-11-17T05:28:38.499553,2024-07-16T17:17:03.430188
98077,Gender nonconforming,Classical,2024-12-23T05:37:58.909656,2024-06-12T02:34:19.403309
29243,Gender questioning,Blues,2023-05-25T08:40:00.516379,2024-08-28T17:23:38.525771
4893,Agender,Hip Hop,2023-08-04T03:50:58.488650,2024-03-29T13:06:19.567031
27445,Gender nonconforming,Metal,2024-01-04T12:35:03.769047,2024-03-20T04:15:58.204946
35254,Gender questioning,Techno,2023-07-10T02:24:34.468185,2024-10-01T05:05:05.467286
88707,Non-binary,Blues,2024-04-22T04:14:39.319218,2024-03-22T22:00:08.894140
66278,Bigender,Classical,2023-09-02T21:02:21.837059,2024-05-08T00:20:57.059707
85075,Bigender,Country,2023-02-21T18:53:30.915560,2024-04-12T21:20:23.329740
24921,Genderqueer,Punk,2024-06-13T22:39:17.593410,2024-12-03T11:41:43.197366
19940,Gender nonconforming,Punk,2024-08-23T07:59:05.557947,2025-01-17T09:01:02.078859
24960,Bigender,Funk,2023-10-15T11:32:57.938309,2024-12-20T04:39:17.390986
82678,Female,Funk,2024-06-26T00:24:52.786733,2024-12-13T11:27:08.619810
95225,Genderfluid,Hip Hop,2023-07-17T03:15:12.351286,2024-06-19T14:20:34.622050
22132,Female,Techno,2024-10-06T05:16:14.211397,2024-01-25T14:36:41.966178
23729,Bigender,Classical,2024-09-26T14:37:48.236550,2024-04-03T00:47:27.743945
74020,Male,Metal,2024-02-13T07:29:04.306257,2024-12-26T01:05:17.635900
7387,Agender,Reggae,2023-07-26T22:28:03.510417,2024-08-21T04:33:24.065037
43671,Genderfluid,Rock,2024-08-24T18:44:41.740176,2025-01-22T08:03:42.759033
73917,Female,Country,2023-10-25T23:29:30.764611,2024-02-06T12:39:35.665576
89978,Bigender,Indie,2023-09-14T00:44:30.214119,2024-06-20T06:49:22.098449
25493,Non-binary,Pop,2024-06-20T15:27:12.750302,2024-02-14T12:50:27.243988
74027,Bigender,Pop,2023-05-14T03:05:00.091959,2024-01-30T00:58:49.712996
27572,Female,Blues,2023-04-07T10:28:52.537600,2024-10-22T01:56:01.461282
9257,Female,Metal,2024-09-15T16:42:32.915187,2024-08-02T21:58:41.975585
20184,Genderfluid,Classical,2024-10-22T11:13:16.355112,2025-01-06T22:29:07.250312
99124,Agender,Punk,2023-04-29T18:56:20.383595,2024-07-22T19:02:08.302071
63069,Bigender,Jazz,2023-10-26T18:21:27.436205,2024-02-29T10:35:42.756053
89835,Male,Classical,2023-05-29T07:54:20.760640,2025-01-08T22:08:09.912153
15580,Female,Electronic,2024-01-05T00:14:17.850855,2024-11-03T07:29:29.461305
85592,Gender questioning,Alternative,2023-08-10T20:03:40.660646,2024-06-28T17:31:25.659925
14273,Gender nonconforming,Pop,2023-07-18T09:48:09.876532,2024-02-29T12:00:22.504460
41862,Female,Country,2024-12-14T21:22:17.842999,2024-06-27T01:12:32.994480
44754,Bigender,Classical,2023-03-23T22:00:27.146859,2024-03-12T11:34:10.942610
55480,Bigender,Blues,2024-11-20T12:03:50.715427,2024-07-24T10:52:23.734195
11978,Genderqueer,R&B,2023-05-02T20:50:36.641882,2024-05-24T06:07:12.528585
13855,Bigender,Punk,2024-03-19T00:02:13.217488,2024-06-19T15:53:00.081874
37440,Agender,Folk,2023-03-05T02:12:49.080117,2024-04-27T09:55:21.847765
86699,Gender questioning,Metal,2024-01-06T21:38:35.756659,2024-05-31T14:34:27.829656
49725,Non-binary,Funk,2024-12-22T09:20:27.808564,2024-09-20T21:15:12.905496
67211,Genderfluid,Hip Hop,2024-06-28T15:04:34.583997,2024-10-01T13:21:52.712576
20449,Non-binary,Hip Hop,2023-04-28T10:03:15.794106,2024-05-09T22:28:28.620239
64915,Gender nonconforming,R&B,2024-03-24T09:43:19.784350,2024-05-12T18:01:56.967884
84487,Genderfluid,Pop,2023-06-04T11:43:54.650114,2024-12-27T22:05:28.279009
79159,Genderqueer,Blues,2024-01-07T06:58:42.172652,2024-06-28T11:31:14.782975
3358,Genderfluid,Electronic,2024-12-06T08:37:43.715673,2024-06-28T08:51:56.573313
49690,Genderqueer,Punk,2023-04-23T20:20:11.681760,2024-11-13T00:16:00.512910
85596,Non-binary,Pop,2024-07-24T19:58:30.641199,2024-12-26T08:38:55.940151
93256,Gender nonconforming,Techno,2023-07-16T16:52:43.344120,2024-11-16T22:05:19.899101
12498,Bigender,Blues,2023-08-20T03:19:51.131045,2024-02-14T18:15:50.556751
86647,Female,Techno,2023-05-19T08:21:49.185945,2024-06-21T15:29:44.519662
77967,Bigender,Blues,2023-05-20T00:29:11.788147,2024-02-14T23:25:16.940954
25167,Female,Funk,2024-06-10T11:06:31.138432,2024-12-04T04:50:18.062128
69677,Genderqueer,Techno,2024-10-04T15:46:31.887893,2025-01-24T15:17:32.932321
8035,Gender nonconforming,Alternative,2023-04-05T17:28:54.787596,2024-07-20T10:33:12.995782
42509,Gender questioning,Hip Hop,2023-10-20T12:31:37.443645,2024-08-23T05:21:30.669260
81082,Gender questioning,Blues,2024-04-01T11:20:48.596061,2024-12-06T00:08:13.077987
15469,Bigender,Techno,2024-08-30T06:17:02.112805,2024-05-15T09:53:25.737589
74937,Gender questioning,Alternative,2023-11-21T19:56:54.511064,2024-12-16T06:42:20.295797
31025,Gender questioning,Country,2024-06-04T21:31:54.139360,2024-12-06T23:16:12.337569
30951,Bigender,Techno,2023-06-28T01:14:47.113281,2024-07-01T03:37:59.339731
18048,Bigender,Folk,2024-05-03T01:53:52.779920,2024-10-11T05:50:05.842558
77618,Genderqueer,Punk,2024-01-17T17:45:19.869706,2024-11-04T19:10:35.379025
12208,Non-binary,Techno,2023-11-23T07:30:18.122829,2024-02-20T00:02:20.083245
9452,Gender questioning,Electronic,2023-04-04T00:33:15.490300,2025-01-01T14:02:29.096585
35433,Non-binary,Folk,2024-03-27T05:06:15.456298,2024-08-05T11:47:46.319045
97469,Genderqueer,Jazz,2023-07-14T03:28:35.088327,2024-05-28T05:26:46.876089
1153,Non-binary,Metal,2024-02-28T23:54:51.977712,2024-07-03T02:50:40.370189
94037,Female,Folk,2024-05-23T20:42:27.444249,2024-09-15T14:38:14.338571
81139,Female,Hip Hop,2023-06-17T23:13:55.813840,2024-03-28T19:33:20.711784
40633,Gender nonconforming,Hip Hop,2025-01-10T10:34:07.377952,2024-12-27T20:11:14.009570
88201,Bigender,Alternative,2023-02-18T22:49:30.940430,2024-08-08T04:29:11.271981
92153,Male,Folk,2024-10-25T18:15:53.956824,2024-09-18T11:48:31.132597
53392,Genderqueer,Hip Hop,2025-01-06T12:18:05.553442,2024-04-03T05:27:09.145978
54406,Agender,Punk,2024-01-02T08:38:03.857476,2025-01-20T13:04:45.776208
88923,Agender,Country,2024-03-23T14:16:50.584399,2024-05-01T10:55:51.024960
21628,Male,Funk,2023-11-10T19:54:45.800203,2024-04-19T17:35:47.920372
33208,Gender nonconforming,Blues,2023-05-09T17:56:18.460631,2024-06-18T13:38:46.446449
66223,Non-binary,Country,2023-09-24T14:03:54.804728,2024-01-27T04:56:16.663704
60820,Male,Classical,2024-08-09T19:25:58.605042,2024-03-05T09:46:20.403182
47750,Non-binary,Indie,2024-10-03T09:52:57.815355,2024-07-28T17:46:01.131512
40215,Genderfluid,Rock,2025-01-11T02:24:30.430855,2024-06-26T22:32:40.317604
46854,Female,Classical,2023-08-26T14:26:59.498646,2024-07-05T17:27:30.118005
53326,Gender questioning,Folk,2024-05-08T07:14:20.243839,2024-02-05T19:39:04.270126
66737,Female,Classical,2024-01-16T20:10:23.869050,2024-11-11T09:37:14.708818
57222,Non-binary,Rock,2023-02-13T11:18:10.800427,2024-10-24T20:38:45.435492
34189,Bigender,Alternative,2023-05-25T05:57:40.659252,2024-04-16T23:16:46.063759
33902,Agender,Jazz,2025-01-05T04:42:00.273732,2024-03-20T07:14:10.506202
77476,Non-binary,R&B,2023-09-10T10:04:17.681319,2024-11-04T20:15:42.675818
86294,Genderfluid,Techno,2024-06-17T17:52:25.150932,2024-07-24T08:13:11.809607
25577,Genderfluid,Reggae,2024-11-16T08:49:43.930438,2024-12-25T11:06:29.092448
27628,Gender questioning,Punk,2024-09-08T00:36:48.183077,2024-04-19T01:05:00.644038
86132,Gender nonconforming,Blues,2024-11-22T07:38:11.555204,2024-03-17T11:57:39.823252
10938,Female,Pop,2024-05-11T14:57:40.954349,2024-05-23T21:40:09.613619
74373,Female,Techno,2023-04-15T17:22:15.133363,2024-12-21T04:42:32.309063
35934,Female,Punk,2024-11-12T16:23:05.214918,2024-08-10T14:01:52.704391
15963,Bigender,Indie,2024-10-09T23:37:20.761823,2024-02-24T21:54:46.230384
24566,Male,Folk,2024-02-14T03:47:48.674531,2024-07-13T10:14:46.100464
86413,Genderfluid,Reggae,2024-05-21T07:03:55.169469,2024-11-27T11:07:26.611326
95914,Non-binary,Folk,2023-04-29T01:49:30.374154,2024-06-22T02:58:51.480743
29435,Gender nonconforming,Electronic,2023-03-10T12:23:38.937579,2024-04-12T00:42:36.180062
2569,Non-binary,Punk,2023-02-26T05:54:13.063288,2024-06-05T04:50:44.527861
12106,Gender nonconforming,Hip Hop,2023-05-27T11:29:49.096925,2025-01-02T13:30:31.252463
47581,Gender nonconforming,Folk,2024-12-14T20:57:54.118793,2024-09-26T13:34:26.076628
12175,Male,Punk,2024-01-06T02:21:40.412006,2024-04-23T07:07:57.472327
56730,Genderqueer,R&B,2024-06-21T19:31:25.623236,2024-05-01T15:16:48.009262
50755,Gender nonconforming,Country,2024-05-19T16:49:11.255242,2024-08-31T03:46:17.675789
23081,Agender,Blues,2023-08-18T03:31:25.451834,2024-08-28T22:30:01.854841
19776,Gender questioning,Punk,2024-07-30T21:12:07.524127,2024-11-24T13:26:29.180083
86133,Female,Classical,2023-04-25T11:52:56.263116,2024-09-14T09:12:47.380416
6671,Agender,Metal,2024-11-11T03:32:53.984702,2024-08-25T07:11:47.701971
46365,Bigender,Pop,2024-07-30T04:37:17.324070,2024-01-31T13:02:40.956385
16675,Gender questioning,Metal,2023-06-26T00:27:43.548803,2024-06-18T15:28:19.204507
25012,Female,Punk,2023-10-27T05:29:12.157473,2024-11-16T08:27:45.575483
76332,Female,Hip Hop,2024-10-01T01:59:50.597036,2024-12-15T18:47:58.262094
99736,Non-binary,Funk,2023-05-10T00:26:42.067251,2024-05-22T03:02:03.486005
71051,Female,Jazz,2023-05-14T12:34:16.349676,2024-02-03T13:30:32.927495
95292,Agender,Punk,2024-09-21T16:32:31.283638,2024-05-19T02:45:35.528895
86292,Genderqueer,Blues,2024-09-16T04:15:54.950755,2024-06-20T14:18:03.911445
22185,Female,Country,2023-04-06T01:05:04.703205,2024-03-26T11:24:50.766803
47619,Bigender,Blues,2024-05-27T01:24:06.564815,2024-06-10T09:40:43.434107
64692,Genderfluid,Funk,2024-10-26T12:01:59.690406,2024-10-28T09:54:09.036497
65426,Genderfluid,Techno,2023-01-29T13:13:59.229710,2024-10-12T19:12:30.073117
40176,Bigender,Country,2024-08-15T11:59:57.185864,2024-08-17T23:34:41.632099
91505,Genderfluid,Techno,2023-10-01T04:16:02.761622,2025-01-02T06:57:46.537134
22559,Gender nonconforming,R&B,2023-07-13T09:05:21.552230,2024-04-27T05:55:13.956366
11957,Gender questioning,Hip Hop,2023-09-03T01:01:14.287929,2024-06-09T15:26:27.955132
15569,Genderqueer,Classical,2024-10-22T20:21:33.501806,2024-08-03T20:47:00.712929
28262,Genderfluid,Folk,2023-07-15T03:11:36.864426,2024-10-07T00:30:12.949448
10267,Male,Rock,2023-12-25T22:58:05.342104,2024-07-08T22:18:05.222686
6196,Gender nonconforming,Indie,2023-02-09T07:09:03.819674,2024-08-30T17:59:45.274576
99462,Genderqueer,Folk,2024-12-09T13:50:38.310633,2024-10-25T22:52:44.789406
16237,Gender questioning,Electronic,2024-08-17T14:58:13.148585,2024-08-14T23:09:51.617248
13422,Female,Indie,2025-01-07T18:29:31.064875,2024-10-02T03:51:20.312790
38375,Gender nonconforming,Metal,2023-07-01T23:52:30.928563,2024-06-16T03:33:25.982074
98275,Genderfluid,Jazz,2024-05-10T08:24:22.342307,2024-06-13T05:07:10.237569
85788,Genderqueer,Pop,2024-10-21T08:54:10.233443,2024-09-10T22:12:50.218270
59169,Gender nonconforming,Classical,2023-05-07T10:00:07.627702,2024-03-07T05:21:13.734858
43177,Non-binary,Pop,2023-03-01T20:20:17.821023,2025-01-19T19:38:39.003920
10006,Agender,Reggae,2023-02-01T22:34:17.482770,2024-09-08T15:26:46.588568
97126,Agender,Classical,2024-09-16T04:41:26.593952,2024-01-29T09:22:14.378316
93085,Male,Folk,2024-10-27T16:06:05.805655,2025-01-21T17:39:00.783012
77744,Agender,Alternative,2023-03-15T23:35:01.352138,2025-01-21T12:30:02.841486
18826,Genderqueer,Electronic,2023-06-15T21:01:28.167510,2024-03-10T13:50:09.487205
69010,Bigender,Classical,2024-03-19T07:59:21.028545,2024-06-23T21:21:02.016912
17310,Genderfluid,Classical,2024-08-07T16:26:51.694441,2024-07-13T06:04:21.869640
50799,Bigender,Metal,2023-12-18T16:05:32.735474,2024-10-23T12:34:59.417500
39123,Genderqueer,Pop,2023-11-24T21:29:41.430404,2024-10-20T13:47:04.472315
97703,Non-binary,Indie,2023-07-18T08:46:18.278269,2024-01-26T13:22:52.871331
82346,Gender questioning,Classical,2024-12-13T21:07:32.151120,2024-07-19T00:06:25.215933
33443,Non-binary,Indie,2024-04-04T16:54:28.933200,2025-01-14T08:46:59.693738
27849,Female,Pop,2024-01-10T16:11:26.465776,2024-09-07T04:09:34.060715
11757,Agender,Metal,2023-12-23T02:11:30.006006,2024-08-17T05:21:50.211293
90759,Male,Electronic,2023-08-06T17:30:31.885938,2024-09-01T22:31:29.657075
15950,Male,Indie,2023-07-30T00:13:49.049252,2024-05-09T07:32:48.112131
29703,Female,Rock,2023-11-19T07:01:43.063891,2024-02-23T17:05:57.250923
48331,Bigender,Classical,2023-03-23T06:11:00.493632,2024-04-01T00:24:26.555336
85525,Agender,Metal,2024-03-02T10:33:28.203963,2024-12-03T14:32:08.960645
43358,Bigender,Rock,2024-10-02T17:51:30.959222,2024-04-10T04:15:32.178238
3748,Agender,Punk,2024-05-07T00:13:45.133299,2024-03-03T10:26:43.872288
8882,Agender,Reggae,2025-01-19T00:27:19.341268,2024-11-17T21:44:34.662001
14409,Gender questioning,Electronic,2024-09-30T12:19:03.805331,2024-11-21T11:08:13.423706
71922,Gender questioning,Alternative,2023-03-30T20:40:40.783487,2024-07-31T00:20:31.285544
38243,Gender questioning,Funk,2023-10-20T15:40:09.248053,2024-10-28T20:58:20.105374
45445,Gender nonconforming,Indie,2023-02-16T02:20:31.087753,2024-09-23T01:42:29.199898
38411,Genderqueer,Funk,2024-12-30T15:24:10.348551,2024-02-09T16:44:47.465066
26227,Male,Techno,2023-11-17T12:31:39.170495,2024-04-09T17:54:10.843856
24055,Male,Pop,2023-09-10T06:59:14.271262,2024-03-01T10:29:48.442717
55903,Male,Jazz,2023-03-27T15:39:15.464848,2024-07-07T16:02:37.698093
17479,Female,Pop,2024-10-06T14:45:25.985042,2024-08-11T03:32:25.131160
82043,Non-binary,Rock,2024-02-14T03:52:38.438051,2024-03-30T16:50:55.080839
78217,Gender nonconforming,R&B,2023-12-30T23:46:36.686876,2024-08-20T06:43:16.254397
73335,Female,Rock,2023-11-09T14:00:37.876359,2024-07-17T06:33:45.573185
16358,Agender,Jazz,2023-08-06T11:31:03.498095,2024-07-15T16:17:20.928689
51900,Male,Funk,2023-08-25T22:38:55.172019,2024-11-23T15:15:08.220317
43312,Male,R&B,2024-10-09T19:57:31.151019,2024-02-03T02:28:27.623788
78194,Agender,Techno,2024-12-27T23:58:31.042300,2024-10-31T02:41:54.335672
53255,Non-binary,Electronic,2024-05-20T03:30:49.043087,2024-10-03T05:28:00.805066
27792,Non-binary,Country,2023-02-08T16:07:42.487988,2024-11-29T02:51:14.803112
86489,Female,Folk,2023-05-02T18:36:49.013476,2024-06-01T21:54:35.032028
59443,Female,Punk,2024-08-31T16:54:56.509583,2024-12-08T20:58:30.543595
53952,Female,R&B,2023-04-22T02:44:52.105857,2024-11-22T13:22:03.166734
29375,Genderqueer,R&B,2024-01-29T15:14:04.963934,2024-02-23T22:38:36.668698
76608,Female,Electronic,2025-01-16T14:56:03.840155,2024-04-11T07:18:40.934244
86206,Non-binary,Folk,2023-02-01T03:00:14.756859,2024-11-22T20:48:55.036750
89236,Agender,Funk,2023-08-10T17:45:12.822103,2024-06-09T08:18:40.461318
29983,Male,Classical,2024-06-11T13:44:29.796719,2024-12-21T14:43:57.074664
90310,Bigender,Alternative,2023-09-27T14:35:07.416147,2024-10-04T00:21:49.352932
96908,Genderqueer,Hip Hop,2024-02-01T10:21:07.866025,2024-03-10T12:59:48.935309
64806,Genderfluid,Metal,2024-05-02T18:08:23.441436,2024-05-06T20:02:25.019470
2387,Gender nonconforming,Rock,2023-08-24T16:39:28.095866,2024-07-01T08:24:48.248470
18846,Genderqueer,Electronic,2023-10-29T07:14:14.649558,2024-05-10T00:20:07.451756
12304,Genderfluid,Pop,2023-08-28T15:03:52.397255,2024-07-02T13:03:09.795401
52629,Male,Jazz,2023-07-13T20:23:31.897874,2024-09-19T04:23:46.367328
4233,Agender,Rock,2023-07-09T13:27:22.377914,2024-05-15T14:32:07.081164
65213,Agender,Techno,2023-11-02T05:14:34.403230,2025-01-14T21:01:52.812048
5304,Genderfluid,Funk,2024-01-29T12:41:03.131857,2024-01-30T06:47:04.964290
83149,Gender questioning,Techno,2023-02-19T20:28:00.452599,2024-07-15T15:55:12.427314
57165,Gender nonconforming,Hip Hop,2023-05-15T04:57:13.552945,2025-01-24T16:03:02.545810
79063,Bigender,Alternative,2023-06-06T07:41:59.853962,2024-03-22T18:38:17.905079
5463,Agender,Country,2024-12-06T00:54:24.030092,2024-06-02T02:13:28.114767
50873,Male,R&B,2024-02-23T07:50:15.779816,2024-02-16T22:49:05.487825
83852,Female,Pop,2023-06-23T17:03:22.338160,2024-03-09T07:59:52.923872
8389,Genderqueer,Country,2023-07-06T11:14:23.611765,2024-08-28T04:14:09.422100
23308,Gender nonconforming,Indie,2024-11-03T23:15:39.993962,2024-07-31T11:33:11.298244
8836,Gender questioning,Folk,2024-05-23T19:31:10.329620,2024-09-09T15:33:55.518038
5387,Gender questioning,Electronic,2025-01-21T05:44:09.573013,2024-10-31T04:41:19.340373
40700,Male,Jazz,2024-11-14T08:01:04.839193,2025-01-06T13:00:00.188573
44327,Bigender,Rock,2023-02-20T19:53:30.972436,2025-01-10T03:25:45.674329
68011,Non-binary,Blues,2023-12-01T10:04:56.507913,2024-04-17T14:45:22.704083
60372,Gender nonconforming,Jazz,2024-01-22T05:09:59.273122,2024-05-27T22:16:34.133360
53115,Gender nonconforming,Pop,2023-11-15T00:00:04.297594,2024-01-28T03:00:42.684887
620,Gender questioning,Pop,2023-11-14T13:27:38.476162,2025-01-13T09:56:33.904417
26443,Bigender,Electronic,2023-07-25T19:19:09.569891,2024-12-01T08:40:38.119786
48123,Agender,Folk,2024-06-22T08:38:28.168537,2024-05-03T21:29:12.966509
61331,Bigender,Hip Hop,2023-04-10T13:07:17.016594,2024-12-08T22:19:21.340141
67327,Non-binary,Metal,2025-01-03T12:02:42.820640,2024-11-15T03:56:51.012048
89266,Gender nonconforming,Blues,2024-03-25T03:48:06.665972,2024-10-16T00:06:22.473814
75398,Female,Punk,2024-01-01T13:59:27.365778,2024-05-18T06:37:33.794225
89347,Genderfluid,Techno,2024-08-05T17:00:00.634214,2024-07-22T04:19:21.901656
21630,Bigender,Electronic,2023-09-27T03:28:32.742779,2024-06-27T22:52:02.549372
62375,Female,Electronic,2024-05-02T15:47:09.986412,2024-02-21T15:37:25.373732
98395,Male,Jazz,2023-04-25T14:00:45.085851,2024-05-30T09:26:04.579536
1112,Female,Funk,2023-08-04T07:52:49.987269,2024-09-24T18:16:50.314998
81499,Female,Folk,2023-04-07T00:23:13.937683,2024-03-16T10:20:48.673363
22010,Male,Classical,2024-02-15T02:01:23.344341,2024-06-01T00:51:42.689750
88911,Genderfluid,Pop,2023-03-22T13:27:49.966845,2024-03-25T19:23:12.128105
67768,Agender,Jazz,2024-03-27T20:23:19.248482,2025-01-10T08:18:19.908188
36974,Gender nonconforming,Hip Hop,2025-01-08T19:27:52.081098,2024-06-21T21:26:33.501702
85139,Non-binary,Folk,2023-08-25T08:37:51.996341,2024-07-08T10:12:39.564424
34571,Gender questioning,Classical,2023-03-24T05:52:20.084131,2024-07-01T19:52:26.856147
53563,Genderqueer,Reggae,2023-08-22T18:15:57.848137,2025-01-07T15:41:11.615489
6079,Gender nonconforming,Blues,2023-09-23T01:51:22.306328,2024-09-25T07:00:29.724232
30143,Bigender,Pop,2024-10-13T10:31:49.123820,2024-03-16T22:04:05.287522
73687,Non-binary,Metal,2023-02-16T19:20:28.564548,2024-08-15T09:45:28.231398
51377,Agender,Folk,2023-12-13T02:24:04.840603,2024-12-30T14:52:26.908599
56827,Bigender,Jazz,2024-01-02T13:38:36.037411,2024-05-14T21:39:52.409347
69264,Non-binary,R&B,2024-03-15T17:05:06.907840,2024-08-05T17:43:18.624889
94821,Genderqueer,Metal,2024-06-04T17:24:37.409314,2024-09-18T05:19:07.610844
38577,Genderfluid,Indie,2023-09-03T14:16:16.326279,2024-05-10T13:51:15.239212
57419,Gender questioning,Blues,2024-07-06T14:10:26.439539,2024-10-27T08:07:56.332967
82010,Male,Punk,2023-11-17T20:13:21.752285,2024-07-21T06:21:32.859931
72388,Gender questioning,Alternative,2023-03-23T09:06:11.539434,2024-11-17T07:33:48.168079
74935,Male,Jazz,2023-12-10T14:49:01.042300,2024-04-03T19:26:14.748024
33341,Non-binary,Jazz,2023-11-23T05:18:39.017771,2024-05-04T19:30:17.264278
38566,Non-binary,Jazz,2023-06-14T23:42:23.986770,2024-08-19T23:51:59.939524
46579,Gender questioning,Metal,2023-11-28T01:55:47.744607,2024-05-29T11:26:22.016207
22382,Agender,Hip Hop,2024-10-25T08:01:52.518179,2024-08-31T21:00:04.238010
25422,Genderqueer,Country,2024-09-13T18:52:49.056741,2024-10-09T09:28:19.663783
36036,Male,Punk,2023-04-20T22:13:28.011553,2024-05-08T14:31:30.001801
83237,Non-binary,Techno,2024-01-17T08:45:14.043116,2024-11-18T03:11:21.877705
16354,Gender nonconforming,Techno,2023-09-14T17:50:58.567274,2024-06-01T21:39:57.839938
42916,Female,Blues,2024-05-11T11:08:36.726350,2025-01-13T14:21:46.756666
10391,Non-binary,Hip Hop,2024-06-24T13:31:57.790014,2024-05-24T09:02:18.739975
72146,Agender,Classical,2024-10-02T02:05:13.306074,2024-11-10T01:14:58.886369
9737,Agender,Hip Hop,2023-03-02T02:18:32.625232,2024-02-01T01:27:39.463159
59963,Agender,Metal,2025-01-14T12:41:08.679236,2024-07-26T00:44:09.323450
23038,Female,Punk,2024-05-06T18:25:50.468118,2024-04-07T03:29:08.032550
97260,Male,Pop,2024-10-13T16:25:21.799710,2024-11-27T07:38:53.252517
16383,Gender nonconforming,Classical,2023-08-04T16:46:39.233641,2024-09-13T23:39:26.678011
13673,Non-binary,Hip Hop,2024-03-31T06:28:57.836749,2024-04-15T21:43:47.231699
20378,Gender nonconforming,Reggae,2024-08-10T10:37:02.426600,2024-06-24T18:42:11.394146
75239,Gender questioning,Reggae,2023-05-08T12:12:32.750469,2024-05-21T16:07:18.615642
25360,Gender nonconforming,Classical,2024-12-05T20:03:04.831011,2024-06-14T11:17:39.303951
20561,Female,Folk,2024-05-18T21:54:35.124802,2025-01-18T05:08:32.146407
15317,Bigender,Folk,2024-07-26T12:03:29.512551,2024-10-08T23:11:32.976572
43863,Male,Alternative,2024-12-21T05:58:22.311198,2024-04-18T09:48:06.490618
23169,Bigender,Hip Hop,2024-02-13T12:50:56.879054,2024-02-21T12:05:16.856426
63020,Agender,Electronic,2023-02-06T23:34:17.761985,2024-07-22T03:32:29.482321
77368,Genderqueer,Folk,2023-11-16T01:23:56.030539,2024-11-07T22:47:34.173115
18268,Bigender,Folk,2024-01-13T08:09:09.954440,2024-11-29T20:38:37.346710
18871,Male,Techno,2023-12-14T20:48:29.930565,2024-09-22T21:04:48.878965
95199,Agender,Rock,2024-11-30T12:01:17.575647,2025-01-02T12:59:41.832134
48491,Genderqueer,Metal,2024-09-10T19:56:53.532402,2024-11-02T07:27:25.360933
61151,Genderqueer,Reggae,2024-07-24T08:59:43.570484,2024-07-26T15:04:28.425092
27625,Gender questioning,Alternative,2023-05-08T08:10:40.857358,2024-03-08T18:50:17.532966
70579,Female,Electronic,2024-09-19T19:40:48.604901,2024-02-05T08:53:13.478202
71323,Bigender,Funk,2024-06-05T23:09:30.516373,2024-10-16T20:27:31.257812
90453,Gender questioning,Metal,2024-02-02T03:08:28.870038,2024-11-03T05:40:48.156241
84997,Genderfluid,Jazz,2025-01-21T03:55:28.671949,2025-01-03T14:48:00.801570
27091,Agender,Jazz,2023-06-17T07:31:43.503878,2024-11-26T09:59:10.944065
39701,Genderqueer,Hip Hop,2024-12-09T09:43:27.056780,2024-02-22T02:15:52.772002
37147,Non-binary,R&B,2023-11-14T17:37:32.816188,2024-06-21T22:24:41.007421
97407,Genderqueer,Alternative,2023-11-26T02:16:06.746955,2024-05-08T10:36:12.566522
17995,Genderqueer,Classical,2023-08-12T13:41:03.826049,2025-01-01T07:46:48.291969
51641,Agender,Blues,2024-03-14T17:17:17.756158,2024-07-13T10:34:37.654507
8104,Gender questioning,Hip Hop,2023-04-21T13:54:41.214675,2024-11-08T01:03:18.350194
27065,Female,Classical,2023-07-13T20:47:55.444038,2024-02-11T18:01:51.846609
19849,Agender,Funk,2024-03-12T23:27:20.186283,2024-11-22T17:47:58.867121
33525,Genderfluid,Electronic,2024-08-24T00:56:37.958241,2024-12-03T03:11:05.244693
7376,Genderqueer,Pop,2023-11-06T22:04:22.009705,2024-06-01T16:11:35.962115
15035,Agender,Techno,2023-09-03T17:51:37.891707,2024-02-24T01:35:59.200696
407,Female,Reggae,2024-12-21T22:29:00.204391,2025-01-08T15:52:24.908648
79853,Bigender,Blues,2023-07-20T23:41:57.515745,2024-06-01T02:45:37.609901
29310,Genderqueer,Electronic,2023-02-18T12:17:36.348883,2024-08-11T21:26:57.776724
14123,Female,R&B,2023-07-04T02:03:30.110612,2024-02-13T06:48:35.159109
37835,Gender nonconforming,Reggae,2023-06-14T20:02:58.156233,2024-06-21T00:23:38.870514
8646,Non-binary,Metal,2024-08-09T10:02:34.682754,2024-03-06T15:17:58.072977
11357,Male,Metal,2023-09-27T17:05:40.481382,2024-03-11T19:06:00.709090
38470,Genderqueer,Electronic,2024-12-15T01:00:33.649692,2024-05-02T13:27:14.133857
71606,Female,R&B,2024-08-03T05:56:05.320946,2024-11-15T08:27:04.820492
4715,Agender,Folk,2024-10-18T11:36:59.598050,2024-05-06T00:03:01.945585
41240,Gender nonconforming,Pop,2024-07-06T21:49:50.074793,2024-07-10T11:49:00.688629
9638,Genderfluid,Hip Hop,2024-03-16T23:46:41.354383,2024-11-11T21:57:06.621536
98112,Gender questioning,Pop,2024-06-09T21:06:59.490424,2024-05-18T20:10:53.633650
68884,Non-binary,Jazz,2024-07-06T12:47:59.518338,2024-02-02T18:54:36.076550
30060,Non-binary,Classical,2023-07-07T17:05:24.962162,2024-01-29T02:12:18.396577
89547,Gender nonconforming,Punk,2023-02-03T20:20:47.811970,2024-08-24T04:32:32.772864
18762,Gender questioning,Punk,2024-11-21T00:56:32.322342,2024-12-09T05:14:04.113699
72513,Genderqueer,Funk,2024-05-26T09:17:20.284221,2024-08-30T21:33:08.213451
13714,Gender nonconforming,Blues,2023-05-13T10:47:18.273232,2024-02-24T20:39:14.620023
52789,Gender questioning,Electronic,2024-12-19T14:04:12.011692,2025-01-06T18:41:48.034957
75500,Non-binary,Techno,2023-11-03T07:05:02.513930,2024-10-19T12:17:08.962846
37058,Genderqueer,Blues,2023-06-05T11:53:09.447109,2024-10-28T14:42:11.058036
69114,Non-binary,Rock,2023-12-22T04:04:30.446316,2024-05-03T19:32:02.381335
26242,Bigender,Electronic,2024-08-13T20:13:11.006579,2024-10-25T09:54:23.669346
55278,Male,Reggae,2024-12-11T17:28:03.647305,2024-07-27T22:41:51.118836
13437,Gender questioning,Punk,2024-04-30T10:42:45.107906,2024-06-20T21:16:43.668536
17289,Male,Metal,2024-11-17T21:33:54.029074,2024-07-29T23:54:53.559533
96747,Genderqueer,Alternative,2023-06-13T11:57:46.019392,2024-04-25T05:05:07.700937
65701,Genderfluid,Jazz,2024-02-24T21:13:23.837309,2024-10-21T14:06:20.629968
792,Agender,Rock,2024-08-07T22:11:51.492309,2024-06-16T01:35:49.987218
97553,Female,Blues,2024-08-10T09:45:30.761302,2024-09-12T07:30:24.491573
23353,Male,Classical,2024-02-22T06:48:50.772276,2024-08-19T02:33:11.747876
36518,Genderqueer,Rock,2024-10-28T05:40:41.114571,2024-12-20T19:28:06.342673
50829,Gender questioning,R&B,2023-03-05T04:25:23.348230,2024-05-02T11:49:45.574326
91915,Gender nonconforming,Hip Hop,2024-09-06T07:59:38.637895,2024-03-15T10:20:24.571351
52035,Non-binary,Funk,2024-08-27T15:41:49.421810,2024-06-03T00:08:19.259756
48754,Female,Funk,2023-04-14T09:27:31.419507,2024-01-26T09:53:30.057939
64038,Gender questioning,Country,2023-02-28T06:52:13.952656,2024-05-16T21:40:45.437964
5017,Male,Country,2023-09-16T07:38:36.073309,2025-01-02T22:09:21.255253
26255,Non-binary,Techno,2024-07-28T10:40:19.989800,2024-08-02T15:17:18.027154
65998,Male,Indie,2023-02-24T12:27:55.436678,2024-10-15T18:00:45.411122
66012,Female,Techno,2023-12-13T07:40:00.693885,2024-04-04T09:40:23.181293
90764,Genderqueer,Jazz,2024-03-22T11:46:56.181676,2024-01-31T19:48:35.959901
67074,Gender nonconforming,Blues,2024-09-16T08:16:31.310305,2024-05-01T11:02:00.297113
92596,Female,Blues,2024-06-14T10:19:35.248008,2024-08-05T16:46:22.342412
16975,Non-binary,Blues,2023-04-17T16:52:06.980194,2024-06-17T15:48:26.207244
39124,Female,Metal,2024-07-23T13:09:52.590748,2024-10-06T10:20:13.175793
34930,Female,Reggae,2024-02-12T16:09:29.976557,2024-07-23T09:26:12.741170
95916,Genderfluid,Electronic,2024-02-18T06:20:44.627676,2024-09-03T18:52:04.088670
21530,Non-binary,Punk,2023-10-16T23:33:51.885432,2024-08-05T18:43:42.756114
54,Gender questioning,Techno,2024-05-17T00:54:45.994552,2024-02-06T22:35:11.326865
95695,Non-binary,Funk,2024-03-22T12:16:55.920216,2024-11-15T07:09:20.189543
87557,Gender questioning,Blues,2023-03-13T23:53:06.400375,2024-06-09T05:37:09.016809
63563,Female,Folk,2023-04-30T08:58:53.804786,2024-10-19T06:23:04.466064
94009,Agender,Punk,2023-06-28T21:51:44.908611,2024-03-24T07:38:48.512552
68835,Bigender,Folk,2024-08-06T03:54:37.721042,2024-04-08T01:28:15.132710
34193,Genderqueer,R&B,2023-05-14T02:19:53.708104,2024-10-24T03:46:36.592614
24759,Genderqueer,Jazz,2024-03-26T14:47:28.101813,2024-09-16T18:35:00.820243
91910,Male,Blues,2024-08-12T09:11:55.363570,2024-05-24T10:21:10.407957
43051,Gender questioning,Punk,2024-05-14T22:30:49.502650,2024-06-04T07:33:25.075244
89665,Bigender,Country,2023-12-27T14:56:19.702040,2024-08-10T16:15:58.460649
20698,Gender nonconforming,Blues,2023-11-08T14:40:47.242280,2024-10-30T08:24:04.171963
7647,Female,Reggae,2023-12-29T01:19:14.846425,2025-01-13T22:06:17.281380
83040,Gender nonconforming,Techno,2023-06-11T01:30:47.129978,2025-01-21T01:00:25.744603
54857,Male,Techno,2023-07-03T16:42:25.576858,2024-05-29T22:05:55.785842
23576,Gender questioning,Rock,2023-08-23T03:52:14.053425,2024-03-19T10:18:06.594860
25991,Genderqueer,Funk,2024-01-21T13:57:53.599071,2024-08-04T21:37:54.255615
61122,Genderqueer,R&B,2024-02-08T04:34:09.562676,2024-05-22T02:37:11.336417
18512,Female,Folk,2024-11-07T21:48:11.820794,2024-07-06T09:53:45.758642
44879,Male,Alternative,2023-08-27T10:40:43.940492,2025-01-04T06:01:36.547496
52758,Gender questioning,Jazz,2024-10-31T20:40:54.261964,2024-05-17T23:18:57.647550
40216,Male,Folk,2023-07-07T00:12:40.411741,2024-05-24T08:34:55.943935
81335,Genderqueer,Electronic,2024-01-04T02:19:46.916568,2024-03-02T02:02:22.946459
34094,Bigender,Techno,2023-09-09T03:50:32.243045,2024-08-12T02:47:36.390276
95026,Gender questioning,Pop,2024-12-25T14:28:51.069176,2024-08-09T13:37:28.968543
27908,Non-binary,Blues,2023-10-06T05:39:14.417873,2024-10-15T02:21:17.536060
24385,Genderqueer,Funk,2023-02-08T08:44:50.935095,2024-09-20T11:13:44.131691
92632,Gender nonconforming,Alternative,2023-09-14T21:10:59.087269,2024-04-15T15:55:28.869865
49849,Genderqueer,Blues,2024-07-09T02:55:11.585377,2024-04-13T15:23:24.726098
8874,Gender questioning,Reggae,2024-11-05T02:37:58.518364,2024-09-04T14:56:56.534524
46261,Female,Classical,2024-11-14T04:13:51.542357,2024-11-20T07:18:15.429777
812,Genderfluid,Rock,2024-05-04T20:37:03.943184,2024-10-18T09:39:50.111418
26202,Non-binary,Hip Hop,2024-08-02T03:43:53.307017,2024-08-30T13:16:09.444895
40209,Gender questioning,Pop,2024-05-31T15:22:06.289901,2024-12-15T11:48:11.965231
44428,Male,Metal,2023-09-03T01:09:18.094030,2024-09-01T05:05:30.738587
82375,Female,Indie,2023-09-16T06:27:34.146760,2024-07-26T06:11:53.399662
94953,Non-binary,Rock,2023-05-18T12:19:09.551889,2024-07-27T06:52:14.724131
57355,Agender,Electronic,2023-11-27T20:09:59.166756,2024-02-17T08:15:20.438670
88535,Gender nonconforming,Pop,2024-03-16T19:52:25.051246,2024-09-02T12:29:45.993026
34730,Genderqueer,Metal,2023-03-29T10:48:09.264199,2024-11-18T11:09:08.734321
59568,Bigender,R&B,2025-01-21T05:21:48.439506,2024-12-14T14:21:15.211408
99600,Agender,Jazz,2024-04-19T23:04:38.989831,2024-12-13T20:21:23.708735
90269,Female,R&B,2024-09-25T16:25:22.737465,2024-11-02T06:30:43.589639
99109,Genderfluid,Pop,2024-09-26T05:24:01.111206,2024-06-16T18:20:16.253855
7712,Bigender,Pop,2023-06-10T02:54:35.200879,2024-11-12T00:48:25.150721
29448,Female,Electronic,2024-04-03T09:35:08.763222,2024-08-21T04:47:38.210192
8750,Bigender,Punk,2024-01-24T03:56:25.102370,2024-12-18T10:28:22.891518
66580,Agender,Reggae,2023-03-15T18:15:30.614726,2024-11-26T18:21:05.597415
66824,Gender questioning,Alternative,2024-02-28T13:08:53.386904,2024-03-09T07:41:42.980278
59911,Male,Reggae,2023-07-08T01:30:50.959870,2024-11-23T19:58:11.909838
42857,Genderfluid,Blues,2024-03-14T18:44:23.743948,2024-08-03T01:01:40.510695
11679,Female,Pop,2024-07-10T16:32:15.921282,2024-03-28T22:34:40.611641
52413,Genderqueer,Alternative,2024-12-16T00:08:49.405809,2024-12-20T12:56:57.811622
76396,Non-binary,Metal,2025-01-16T00:18:31.157161,2024-12-01T06:51:28.271466
24227,Gender questioning,Alternative,2023-03-18T00:20:56.672921,2024-10-13T08:39:06.962068
48562,Gender nonconforming,Indie,2024-08-23T16:06:34.411170,2024-08-23T06:12:37.484263
3354,Female,Folk,2024-02-03T01:40:17.111474,2024-03-12T10:29:19.472848
9567,Agender,Pop,2023-08-05T22:29:26.516732,2024-08-28T18:51:49.413766
3450,Male,Jazz,2023-02-13T04:43:44.411990,2024-04-30T11:45:12.009498
36543,Agender,Pop,2023-04-03T17:11:10.000076,2025-01-20T14:51:51.267172
5643,Genderfluid,Country,2023-03-25T08:06:07.697210,2024-08-11T01:33:36.782127
77784,Non-binary,Techno,2023-03-25T08:18:48.277881,2024-05-15T18:32:39.455587
84618,Non-binary,Reggae,2023-03-27T17:49:24.312071,2024-08-19T01:20:06.001432
50475,Agender,Folk,2024-11-03T09:46:48.086620,2024-09-01T04:10:10.232547
76702,Gender nonconforming,R&B,2024-10-30T23:55:37.418565,2024-12-05T18:27:23.226165
75017,Gender questioning,Country,2023-07-23T17:21:21.335618,2024-08-14T08:02:36.717040
77110,Bigender,Rock,2023-03-15T01:40:04.531554,2024-04-12T17:35:47.776468
84821,Bigender,Folk,2024-09-29T06:32:56.337729,2024-08-24T01:52:52.281789
74359,Male,Indie,2023-10-25T04:25:19.043427,2024-07-06T13:42:38.003095
74963,Genderfluid,Techno,2023-11-17T02:41:59.723425,2024-08-01T06:00:53.513119
57091,Genderqueer,Pop,2024-03-16T01:21:37.666542,2024-09-01T16:39:50.095484
23534,Genderqueer,Punk,2023-03-15T09:06:28.006569,2024-02-03T21:42:04.856862
84706,Female,Rock,2024-04-25T08:43:47.900054,2024-06-17T02:19:15.343716
65200,Gender nonconforming,Funk,2024-09-27T13:07:21.816006,2024-12-15T09:38:08.731889
9480,Bigender,Funk,2023-08-10T15:01:20.976118,2024-05-27T02:17:59.592772
45162,Gender questioning,Classical,2024-01-18T08:01:00.425553,2024-04-16T22:33:32.075672
16275,Male,Hip Hop,2023-07-18T09:01:41.743907,2024-09-11T12:35:11.674894
2028,Female,Electronic,2024-03-09T01:01:33.057681,2025-01-01T03:13:07.679531
47655,Bigender,Jazz,2023-05-05T02:00:08.779047,2024-08-30T22:16:31.198186
64757,Genderqueer,Pop,2024-10-24T13:46:09.714983,2024-02-20T23:44:25.895132
27602,Agender,Rock,2023-11-07T18:47:48.138653,2024-10-25T04:56:01.313383
87977,Genderfluid,Techno,2024-05-29T02:19:47.798354,2025-01-22T07:23:51.195913
14176,Bigender,Folk,2024-11-01T22:36:19.871272,2024-03-23T11:36:40.235085
9468,Female,Techno,2024-02-29T13:31:02.187702,2024-03-04T08:56:54.553004
88876,Non-binary,Country,2024-11-22T19:15:23.406788,2024-12-30T01:13:36.923986
17572,Non-binary,Funk,2024-04-30T16:55:43.106416,2024-12-01T11:13:26.484195
50323,Agender,Folk,2023-04-18T22:15:16.613095,2024-06-03T10:20:35.169981
21436,Genderfluid,Folk,2023-07-08T15:24:20.312624,2024-07-24T15:07:13.681499
63848,Non-binary,Classical,2024-02-23T15:38:46.374412,2024-11-07T08:46:29.012923
87872,Agender,Pop,2024-02-25T15:33:05.245610,2024-07-16T03:19:34.397899
73502,Non-binary,Techno,2023-06-01T23:55:43.010294,2024-08-04T10:09:29.384323
82628,Genderqueer,Metal,2024-06-17T10:22:11.661011,2024-12-21T06:50:57.927981
89815,Gender nonconforming,Alternative,2024-08-14T19:45:03.334663,2024-12-07T08:20:47.796017
8179,Agender,Funk,2023-09-23T12:08:34.555915,2024-04-17T16:30:21.179680
70803,Gender questioning,Classical,2023-12-12T11:34:27.271641,2024-02-03T12:27:58.014006
28742,Agender,Metal,2023-12-23T09:22:28.211102,2024-09-17T05:47:20.054483
83271,Non-binary,Reggae,2024-04-22T22:49:08.290697,2024-04-02T19:56:09.894053
58142,Male,Electronic,2025-01-11T03:34:58.372955,2024-06-16T12:12:47.200850
19441,Non-binary,Metal,2024-03-13T17:20:36.062530,2024-06-06T23:29:02.358830
41208,Female,Techno,2024-01-01T16:48:15.792848,2024-04-26T08:00:34.550804
61297,Agender,Metal,2024-07-22T08:35:53.034297,2024-10-14T01:06:36.442957
41730,Gender questioning,Reggae,2024-11-23T13:09:40.113868,2024-08-23T17:20:09.734799
61469,Non-binary,Reggae,2023-12-17T08:13:57.650851,2024-10-04T16:05:21.190174
50998,Agender,Electronic,2023-09-23T05:24:05.622674,2024-03-31T21:46:43.654311
38734,Bigender,Pop,2024-05-11T13:23:23.243276,2025-01-01T22:12:22.922547
95348,Genderqueer,Indie,2024-10-25T06:21:30.439896,2024-05-17T22:35:17.972937
848,Bigender,Reggae,2023-03-08T05:47:44.732468,2024-01-27T22:51:23.855787
99003,Genderqueer,R&B,2023-08-02T05:21:34.211100,2025-01-18T08:42:49.537148
24520,Non-binary,Techno,2023-12-09T11:22:51.577977,2024-06-15T13:49:33.205900
18858,Bigender,Alternative,2024-09-30T10:21:32.503616,2024-10-05T08:25:34.132755
38336,Gender nonconforming,Funk,2024-05-17T12:53:52.880514,2024-07-09T15:03:33.655515
15598,Bigender,Jazz,2024-01-03T03:36:29.461558,2024-08-11T03:38:09.736146
6150,Gender questioning,Punk,2023-03-05T16:46:59.875137,2024-12-29T06:16:05.125813
53811,Gender questioning,Indie,2023-10-25T21:52:25.272368,2024-09-06T06:32:33.930082
1973,Female,Punk,2023-05-30T13:50:31.729994,2024-09-23T11:40:15.616578
24751,Agender,Techno,2023-04-03T11:46:09.489679,2024-10-23T10:31:15.688188
43027,Gender questioning,Indie,2023-03-12T08:51:15.364564,2024-03-22T02:42:34.916002
11767,Genderfluid,Folk,2023-03-01T23:01:00.791452,2024-02-22T13:39:20.921891
21659,Agender,Indie,2023-02-02T18:43:54.152297,2024-04-23T12:25:05.476018
84637,Bigender,Electronic,2024-05-19T15:47:50.114009,2024-10-10T12:34:30.945299
72882,Genderqueer,Indie,2024-06-05T07:08:25.961812,2024-04-08T18:04:58.292677
30318,Bigender,Metal,2024-11-01T02:03:55.983253,2024-04-23T17:11:14.423007
34033,Bigender,Techno,2023-02-18T00:32:21.996029,2025-01-12T00:33:00.450953
75373,Gender questioning,Blues,2024-11-24T16:22:48.252954,2025-01-09T09:30:48.114127
32020,Bigender,Reggae,2023-02-05T01:16:55.964987,2024-02-01T23:43:19.182575
79549,Genderqueer,Punk,2024-11-21T00:44:02.694497,2024-11-24T16:24:53.213776
77073,Gender questioning,Electronic,2023-09-30T01:39:46.473141,2024-12-25T12:18:25.053532
62788,Bigender,Blues,2023-10-30T11:14:49.423391,2024-09-21T19:32:42.647759
37473,Agender,Folk,2024-11-15T20:58:30.056155,2024-06-28T09:32:19.211447
92318,Non-binary,Folk,2023-10-21T18:41:51.677092,2024-02-21T16:15:26.377136
93077,Female,Electronic,2023-07-29T22:05:38.744874,2024-04-14T05:03:47.252133
17540,Genderqueer,Pop,2025-01-05T17:42:31.350078,2024-04-07T23:49:41.117500
70507,Bigender,Techno,2025-01-20T10:05:28.782602,2024-05-12T05:39:39.727346
18581,Bigender,Jazz,2024-04-04T03:23:12.939111,2024-10-05T11:03:49.408270
32573,Agender,Rock,2023-09-09T07:28:00.332063,2024-02-24T12:15:10.516744
12369,Male,Metal,2024-05-06T00:27:55.013946,2024-10-11T17:21:53.706056
48207,Female,Hip Hop,2023-03-31T13:48:12.098927,2024-12-18T19:46:16.477984
57093,Genderqueer,Folk,2024-08-26T02:14:47.109935,2024-10-21T06:06:58.801958
75815,Agender,Pop,2023-11-24T00:49:07.403099,2024-07-22T15:36:45.047214
73776,Gender questioning,Country,2024-05-21T08:37:59.122885,2024-03-16T15:12:04.077280
91087,Bigender,Pop,2023-04-27T03:29:23.999273,2024-10-22T23:10:27.394333
29406,Female,Electronic,2024-09-16T08:03:53.773508,2024-04-26T09:20:08.342996
4498,Female,Blues,2023-09-29T01:43:39.134387,2024-06-24T08:50:31.985918
72655,Genderfluid,Folk,2024-11-05T17:51:51.438898,2024-10-03T14:51:23.037056
3080,Agender,Metal,2023-09-30T09:29:46.674675,2024-12-02T16:10:57.971387
19614,Male,Rock,2023-10-19T08:33:14.650679,2024-05-30T09:52:02.931938
61113,Agender,Hip Hop,2024-02-15T15:25:46.125776,2024-08-06T09:53:21.808869
86153,Gender questioning,Pop,2023-12-10T19:49:40.811356,2024-04-27T12:47:59.460123
43958,Gender nonconforming,Classical,2023-11-26T17:17:04.475667,2024-11-27T06:10:31.460185
91353,Non-binary,Blues,2023-03-27T16:47:48.304624,2024-02-21T10:03:24.996009
43205,Genderqueer,Blues,2023-10-20T18:50:50.451640,2024-05-05T03:14:13.418503
76052,Bigender,Indie,2023-02-20T06:14:50.448579,2024-03-20T10:54:34.981863
91939,Male,Rock,2024-12-11T08:00:28.507434,2024-02-07T02:38:39.366852
54152,Genderqueer,Jazz,2024-12-03T07:35:56.217056,2024-10-12T11:31:49.398368
58705,Genderqueer,Rock,2024-01-26T11:23:03.419833,2024-11-28T23:34:14.207149
43139,Genderqueer,Alternative,2023-06-26T17:40:23.976372,2024-03-25T11:03:55.302848
