user_id,tracks_id,created_at,updated_at
32341,5008|15505|17115|14281|75404,2024-11-09T06:07:40.468224,2024-11-09T20:32:34.321666
26803,58177|7445|20400|38666|39671,2024-09-07T08:35:43.838057,2024-12-14T04:07:27.618824
17335,38020|94227|49829|62023|37962,2023-08-20T07:14:13.269755,2024-05-26T09:46:35.403755
27237,62924|45472|62575|20961|77446,2023-08-11T17:26:27.197997,2024-07-31T16:29:45.122553
2156,22913|17436|36036|20330|62698,2024-04-17T23:06:46.564844,2025-01-19T08:20:10.083718
50367,73829|19869|45959|92538|14472,2024-12-26T04:21:14.737963,2024-12-30T22:42:52.495858
78497,74201|52795|33101|94040|29733,2024-01-04T10:53:59.768009,2024-04-18T07:40:17.083484
77727,44263|84741|74147|76437|13162,2024-12-13T09:56:17.957464,2025-01-08T13:19:54.491149
83501,65066|28961|76509|36036|58014,2024-12-15T16:23:54.120037,2025-01-14T13:02:31.483144
64039,65478|80415|65988|11084|9482,2024-09-19T19:35:48.202984,2024-11-30T15:34:44.643395
11606,32402|8678|21688|37625|65066,2023-01-26T18:37:04.997785,2023-09-22T09:22:20.168422
70004,92099|32106|92029|26917|52167,2023-03-03T03:26:02.308182,2024-04-16T19:06:42.010744
71797,53401|57237|84161|60138|17976,2023-11-11T22:39:16.622214,2023-11-25T22:22:21.664603
75135,44550|84741|10933|80511|18774,2024-08-29T16:19:59.494982,2024-09-29T17:41:40.727961
40833,72562|64440|85477|99818|91457,2023-04-12T13:40:44.990939,2024-01-04T18:39:24.534473
47722,73957|72071|45171|65849|18677,2024-06-12T20:35:02.084474,2025-01-09T20:17:34.432145
47026,88766|78501|39337|55812|73270,2023-10-03T06:42:30.784782,2023-11-20T05:25:00.018675
75727,2967|5008|68332|24506|81515,2023-08-11T05:14:24.290896,2024-03-17T13:38:53.562689
78964,24539|33260|26721|64992|82297,2023-08-29T08:38:07.112396,2024-12-29T12:28:18.533882
83758,49564|24879|50384|91410|14281,2024-03-15T09:45:23.522602,2024-10-31T12:46:07.801490
5033,46106|87281|68819|59983|16814,2024-11-14T17:36:16.581470,2024-12-22T17:39:03.700344
67764,80917|27564|66802|12136|19294,2024-07-03T21:42:43.050371,2024-12-20T20:03:59.020613
94515,59221|78346|27603|82679|6977,2023-04-17T18:02:03.544566,2024-11-05T12:35:03.260625
27447,77711|29553|33101|61957|10429,2023-12-12T02:57:09.991926,2024-02-03T00:16:52.288855
58105,92922|37065|49564|45226|31658,2024-11-02T16:42:05.647260,2025-01-06T10:51:56.257597
9347,20966|72553|32402|78119|13712,2024-09-29T07:48:37.013628,2025-01-17T19:33:32.297618
18375,87596|33273|58497|94188|15487,2024-07-30T06:48:16.207697,2024-08-28T01:57:58.029298
9869,84906|18927|20966|36797|20245,2023-09-19T06:10:50.955613,2024-06-15T17:40:22.982699
83541,17995|30045|63853|48993|32727,2024-03-21T10:27:44.164456,2024-11-26T18:42:22.615242
17045,7848|49829|74201|3605|68819,2024-11-04T05:05:38.320221,2024-12-01T06:08:21.817014
50307,20245|23483|89909|91543|61138,2024-08-06T13:10:09.915866,2024-09-09T19:49:26.368047
3566,28496|1416|63853|44906|40703,2024-10-22T09:10:08.058565,2024-12-07T01:28:14.448444
56602,60138|95435|63239|42001|74201,2024-09-13T09:23:10.973689,2024-10-02T18:04:10.218568
80294,14707|29699|50384|3716|50891,2024-03-30T14:13:25.602571,2024-09-12T15:34:24.628080
53646,80466|88434|96490|71274|66384,2023-04-18T09:54:19.057494,2024-07-30T08:46:10.430142
56087,73505|82297|31101|73596|12625,2023-02-14T21:00:59.759265,2023-07-27T10:52:36.235499
68559,22860|27797|28358|45004|55381,2023-10-05T19:46:18.804555,2024-07-11T11:32:26.663057
64395,22998|63378|86365|85741|16814,2023-09-04T14:51:55.029740,2023-09-14T08:55:28.400260
95853,426|71056|21649|5815|65698,2024-12-18T10:57:29.111089,2024-12-21T06:56:01.592272
44792,14921|12262|76125|50476|23771,2023-04-17T00:20:04.105424,2023-08-06T01:34:14.953981
70341,47533|78306|35801|24362|81956,2024-12-11T04:54:58.673939,2025-01-03T19:38:41.270685
25504,94063|62716|57277|35010|83847,2023-03-23T08:41:30.248971,2024-04-09T03:14:16.614067
73498,28961|45648|42117|27255|80850,2024-08-23T15:07:38.393828,2024-09-11T15:25:17.426996
31395,103|76626|56444|49469|80880,2023-03-23T14:19:26.218128,2023-07-05T16:12:29.640228
80569,57158|34145|16903|36419|55842,2023-05-16T21:52:02.600786,2023-07-01T04:57:05.840868
20022,65529|90734|28735|96241|73631,2024-12-04T21:23:31.715257,2024-12-25T09:07:50.503652
90662,31658|31135|82256|75920|14372,2023-05-05T09:24:15.474666,2024-03-13T19:04:11.751243
11303,15180|23052|64064|48296|82297,2025-01-18T09:03:45.991095,2025-01-18T22:36:39.369579
79735,20869|5540|26721|62575|94711,2024-09-11T20:00:05.942564,2024-12-07T14:16:40.320833
93672,7245|32926|50740|192|11466,2024-07-16T08:53:05.637436,2024-12-17T01:59:04.576970
68565,45171|61138|72562|61708|7445,2023-04-14T09:03:19.569792,2024-02-22T03:30:38.855790
40359,78114|79922|93363|26091|99818,2024-02-22T15:19:31.446791,2024-04-05T19:15:31.432725
50561,73107|82297|87038|92099|80491,2023-05-06T01:42:37.512869,2023-11-18T00:19:55.596043
36287,17191|28606|64576|55153|37585,2023-12-23T09:00:51.606023,2024-04-14T02:10:50.786600
3897,29650|36036|30400|79159|55598,2023-11-13T17:51:32.608058,2024-06-06T10:27:06.157633
1718,90180|69186|52861|56761|42992,2024-06-09T09:18:51.932865,2024-11-27T16:08:38.673226
46671,45400|51781|80618|103|68857,2023-07-02T14:28:02.518126,2024-09-02T00:42:12.359885
91576,80796|94063|33273|16923|50449,2024-08-01T07:58:53.696817,2024-11-19T02:27:15.668782
4387,18774|91977|97835|93939|76331,2023-04-22T04:19:20.133713,2024-01-11T04:45:56.805534
19165,85079|38666|45257|49898|13015,2023-02-07T03:18:37.130295,2023-04-11T03:38:38.983570
52282,84526|41009|46080|11263|50740,2024-09-04T04:46:08.879694,2024-10-19T15:37:48.078258
18293,41713|73270|15505|45427|7445,2023-02-06T04:29:11.379667,2024-12-07T14:24:38.890314
15092,14988|14372|17799|59351|86812,2024-05-14T12:50:36.363965,2025-01-10T04:59:08.341146
60178,76949|28444|31399|35640|10676,2024-08-29T01:10:48.999015,2025-01-11T17:07:47.641768
28486,39319|34225|35640|74243|45472,2023-08-16T16:55:18.073569,2024-01-22T01:10:57.735570
74062,41231|96490|19381|1638|24221,2024-03-11T13:37:25.571961,2024-08-20T02:54:09.703348
92994,98630|81515|29031|30990|73631,2025-01-03T17:29:48.604523,2025-01-04T16:09:26.475004
98956,67766|42001|87787|9613|88686,2024-08-06T03:13:36.116838,2024-08-13T12:40:28.279149
27692,41719|28367|76088|3798|40210,2024-01-29T19:41:41.903603,2024-12-28T22:15:07.821604
89747,4129|13162|42996|14009|5801,2023-11-06T22:37:42.472611,2024-10-05T08:14:37.213855
81881,65220|7434|32924|96353|42099,2023-07-30T09:41:49.280831,2024-08-09T04:37:24.349028
89358,27381|82863|99811|16078|19864,2024-02-25T00:36:36.314586,2024-07-02T22:06:17.581954
4818,64992|29550|29829|30400|15073,2024-07-27T04:43:38.491191,2024-10-19T13:08:23.340293
25934,14563|95993|96490|81219|85428,2024-08-10T09:56:43.067960,2025-01-24T22:32:50.269186
58651,10159|37418|46153|10730|1255,2023-10-17T13:59:34.989265,2024-05-18T09:45:50.945753
99182,95620|43096|73107|58228|67128,2024-11-20T11:10:28.125439,2025-01-05T04:23:16.103707
42317,75089|4243|88159|98593|90625,2024-08-24T20:05:41.660400,2024-09-05T03:48:47.138933
37462,45226|34930|17799|87681|29252,2023-10-25T13:37:54.512727,2024-08-05T14:10:35.335898
56871,69186|76589|30728|84906|10445,2024-05-28T22:28:58.303110,2024-07-02T09:04:50.793629
6731,91575|4855|11084|75856|20966,2025-01-19T04:29:35.201579,2025-01-23T12:40:03.415151
95617,32396|17976|2910|83847|50186,2024-06-09T17:14:06.148797,2024-10-09T04:47:53.996951
17204,19068|3196|20270|60077|1416,2023-12-24T20:38:49.832456,2024-02-13T23:46:32.670640
50202,28876|92408|84741|34020|46683,2024-08-03T02:03:26.005173,2024-08-18T03:46:13.734143
39644,68332|53940|90625|12312|32365,2023-01-31T14:33:09.287580,2023-12-18T03:43:17.192401
93482,82097|7434|17115|33215|74710,2024-11-29T16:09:50.688821,2024-12-04T22:16:03.993330
91729,28121|2484|35036|53356|37193,2024-10-11T08:06:00.584674,2024-10-11T18:35:31.307592
51379,6704|18322|16903|42655|58014,2023-02-22T08:23:47.663520,2023-06-11T13:47:02.297923
26902,4855|53481|26456|27797|44263,2023-02-11T01:52:36.063158,2023-03-26T17:44:57.711458
50526,6052|80618|84471|62326|97524,2024-12-06T07:31:01.241899,2025-01-08T01:59:03.124315
30694,14009|75089|98394|94030|4692,2023-04-10T00:57:15.452499,2024-07-25T05:34:35.747886
37355,18677|43096|66804|67766|1459,2024-06-03T08:27:59.289732,2024-10-18T05:23:57.854175
21184,73505|71476|73596|45332|64701,2023-10-25T12:55:40.243983,2024-08-09T21:56:57.689651
44680,22998|44906|13378|76794|37470,2024-03-06T00:34:52.358783,2024-12-11T02:29:52.651702
22135,26917|55440|85741|49700|52197,2023-12-20T17:39:38.729153,2024-11-05T12:14:49.651673
70157,81016|99633|50384|76949|78279,2024-04-14T20:54:44.998937,2024-10-16T10:02:44.791021
46150,37962|94030|16698|40188|33761,2023-04-08T11:08:52.508692,2023-11-22T05:55:33.344858
86020,55383|96708|26917|36299|70098,2023-05-28T16:28:04.753576,2023-09-19T04:41:16.839624
75681,10526|33470|42992|29733|81676,2023-09-18T03:11:47.661065,2024-03-14T11:17:01.448220
63792,37684|32106|52167|20961|1416,2024-08-23T09:41:55.888216,2024-11-22T11:00:49.211202
73083,45347|76949|11855|58177|14281,2023-12-06T07:52:48.439450,2024-02-16T19:06:14.642448
27297,23052|32631|50361|50449|88807,2024-04-16T14:02:52.958252,2024-09-17T22:17:40.127194
57564,68332|80618|86054|75146|70223,2024-06-18T12:15:25.474295,2024-07-06T00:36:01.356052
86896,68274|17292|12625|7434|18677,2023-07-28T13:41:35.531070,2024-08-31T11:48:39.074466
34339,30728|99294|74201|93405|20483,2024-04-12T22:56:42.496150,2024-05-20T14:55:30.269017
1421,9613|52428|34145|2628|22913,2024-08-27T14:58:56.370486,2024-11-07T23:50:50.261050
45178,81747|96490|4410|45360|96353,2025-01-16T21:07:01.987469,2025-01-22T19:20:10.824521
93985,53401|58177|81676|79922|94711,2024-08-29T08:01:25.886175,2025-01-07T08:09:12.825307
71905,37193|69805|34020|51198|92787,2023-07-01T04:32:44.424897,2024-08-11T06:10:42.776873
39245,13712|17292|19289|11492|2356,2023-09-05T12:08:58.427478,2024-04-22T20:41:45.700146
5824,10676|62128|63467|27500|39149,2024-02-09T10:08:23.485215,2024-09-14T05:59:45.604956
55847,93259|41713|71476|41780|178,2024-03-30T22:28:49.533586,2024-05-02T07:22:02.042484
26400,49885|42117|76437|64573|70758,2024-09-18T05:49:07.827345,2025-01-09T23:41:14.282597
7348,901|40615|52326|96222|15505,2023-11-02T05:37:07.428982,2024-07-11T05:49:41.093497
7978,16261|35801|98394|80544|83807,2024-08-10T07:13:28.169558,2024-12-18T09:39:34.060801
42697,7848|28496|14009|92987|37614,2023-10-30T22:10:39.203467,2023-12-09T11:30:10.266624
29782,82097|73596|71767|84471|55153,2023-12-26T06:32:14.885850,2024-10-20T07:46:56.804994
44195,11816|14372|45860|87813|79922,2023-06-24T11:20:24.676300,2024-11-06T21:28:39.407865
57427,29301|1533|58042|32924|23861,2024-11-02T00:42:29.240510,2025-01-14T20:23:29.276542
35427,60077|43437|4977|73631|95269,2024-10-24T14:07:38.890694,2024-11-17T23:20:05.816454
66945,1210|65459|65916|24393|28961,2024-01-09T09:35:14.505512,2024-09-11T18:29:47.148417
22434,52326|13015|39671|1210|29252,2023-03-11T19:50:14.206864,2023-04-24T23:55:54.900582
39421,75920|44925|87248|50740|59043,2023-12-07T07:56:34.442321,2024-02-20T16:35:50.717292
69630,6789|32600|42099|97524|37585,2023-07-15T22:05:47.201977,2024-12-31T01:32:42.552624
47008,36036|18442|3119|63467|55842,2024-09-29T04:12:28.532284,2024-10-16T11:34:19.341833
69410,32926|76331|24539|88807|98759,2024-01-24T16:58:15.755164,2024-07-19T09:30:52.085069
31534,96222|13162|35640|72095|77081,2024-08-29T04:29:26.089343,2025-01-22T03:39:06.352319
2712,87813|4692|31090|7259|92029,2024-06-18T15:42:37.337759,2024-10-29T10:53:06.608856
46142,75807|52167|73449|35649|66804,2024-08-11T12:40:44.288408,2024-11-14T20:23:50.335920
29800,15487|26456|22662|55153|53367,2024-01-19T15:32:15.956870,2024-02-20T08:38:07.452549
79589,6789|11855|15868|4410|64440,2023-09-03T01:49:35.221077,2024-02-09T21:53:56.815406
42664,55842|30225|12375|85079|38744,2024-04-03T17:08:46.385308,2024-05-12T01:45:18.441028
16287,87281|85288|81676|49898|63467,2024-07-23T05:09:07.201032,2025-01-14T14:17:24.528562
33094,75914|73449|88035|9205|7848,2024-02-12T12:13:48.212374,2024-07-10T21:41:02.304730
42943,59351|57237|29376|71414|26917,2023-03-17T15:26:59.281725,2023-05-30T19:47:56.165196
40590,99766|29572|41376|87341|45004,2025-01-14T22:59:01.977209,2025-01-21T22:32:06.148724
72785,76088|30794|72371|33053|39986,2023-02-01T15:41:46.818179,2024-07-07T22:56:10.571205
4618,63532|901|53157|52937|49898,2024-03-13T08:00:17.679072,2024-04-24T17:50:09.507850
32120,68789|76125|29252|53985|32924,2024-07-21T02:31:17.167152,2024-12-05T09:21:27.568900
69565,13094|12420|79361|26734|52861,2024-02-13T01:58:35.952359,2024-03-19T11:40:54.599433
7180,80415|9346|47533|3498|5378,2024-04-23T17:04:10.973292,2024-06-03T21:28:30.241625
89444,48809|50186|39519|94063|28572,2024-01-30T18:43:28.721064,2024-04-05T12:33:46.759639
10587,44894|30589|61138|34020|97133,2024-01-05T20:19:45.571989,2024-10-03T07:00:00.598440
37770,7500|60138|75914|39319|53860,2024-08-04T00:02:05.865052,2024-11-15T17:34:03.450116
30734,49469|27603|27839|80511|79128,2023-10-01T13:35:55.665921,2024-11-12T14:11:02.941464
68423,18176|97497|9017|94806|33470,2023-12-18T22:23:11.128681,2024-04-30T12:24:05.750203
57673,42996|28393|83178|70223|67211,2024-08-17T04:02:24.705298,2024-09-16T02:40:47.619444
95463,34322|5815|33761|94832|87757,2023-03-28T11:26:31.096055,2025-01-12T07:20:30.945953
1759,55153|84702|52167|71090|87281,2024-12-19T08:09:30.868236,2024-12-19T15:30:39.410867
31946,53106|62128|83847|32174|74710,2024-05-03T03:41:20.098613,2025-01-12T13:08:47.920630
22248,40243|45171|51625|8132|87341,2024-12-29T06:44:58.719507,2025-01-15T17:26:56.936101
13269,88686|99766|33665|84702|31341,2024-01-22T14:59:49.621547,2024-02-14T11:26:31.594526
21548,50740|485|59229|37107|74243,2024-06-22T17:29:55.857894,2025-01-07T06:09:46.976192
31133,95212|49427|96353|81219|3716,2024-01-19T15:21:26.347442,2024-11-26T04:29:50.007158
36665,98394|44906|19474|61459|18774,2024-11-09T12:42:10.606030,2025-01-02T03:49:47.229491
75397,14411|36797|67941|11816|20245,2023-11-28T07:21:04.015117,2024-12-23T06:55:15.590216
75873,61228|45332|94711|27500|24324,2024-04-14T01:29:22.969421,2024-10-20T05:57:36.573059
23477,9613|96490|50891|81676|86196,2025-01-13T19:21:52.961506,2025-01-14T19:45:50.095505
80487,80174|82256|32158|85546|4037,2024-10-14T13:22:56.995102,2025-01-05T08:16:15.411633
54434,91913|13094|80577|49780|97133,2024-02-25T01:35:22.286053,2024-10-22T18:01:57.787436
33667,45427|59163|71767|88807|29031,2024-08-11T20:35:31.124887,2024-09-22T12:04:18.454953
8030,178|13712|75089|11492|71414,2024-06-14T22:27:09.235109,2024-06-22T05:06:55.599944
13068,83807|7979|42978|87675|70899,2023-09-19T14:41:30.100350,2023-11-01T18:52:36.926540
77752,62440|30589|55381|6977|9880,2024-01-02T11:22:24.420551,2024-07-14T16:27:28.440615
5840,64447|24362|91653|96969|44925,2024-02-05T15:36:20.209249,2024-03-18T17:53:02.308508
30441,43973|97476|79470|76437|28121,2023-04-05T14:09:35.528179,2024-01-18T19:45:18.399787
61183,64573|34322|2967|96708|91458,2023-02-15T11:20:37.813286,2023-12-27T11:35:30.020902
21,62716|64198|37246|83178|80511,2023-07-15T19:30:47.900837,2024-05-20T06:05:46.847692
50242,47533|115|99294|40615|94843,2023-08-26T11:15:47.925212,2024-03-23T13:53:50.964125
47945,3196|65478|31890|14988|96222,2024-02-03T16:24:27.669573,2024-02-04T21:31:13.829923
53436,17436|34020|38278|66577|98394,2024-06-29T22:10:57.661745,2024-07-28T10:18:38.878293
54670,21688|5996|91653|69186|99766,2023-05-02T18:23:01.989571,2025-01-11T23:17:11.037444
84144,48137|34322|99222|56017|39337,2024-08-04T18:41:35.829547,2025-01-06T12:16:57.385567
32128,40243|18677|53367|14411|27839,2023-08-26T18:32:20.037722,2023-10-08T08:41:50.512163
37095,9613|1545|178|99766|18481,2024-11-05T19:29:52.618499,2025-01-05T12:10:28.760786
93425,6883|39986|485|19381|84489,2023-10-01T17:28:35.849318,2024-06-29T06:57:33.847251
2868,48137|69770|62128|60194|88766,2023-05-28T21:02:55.971573,2025-01-22T18:59:49.806470
38912,79159|72797|21236|63532|83847,2024-03-05T14:07:40.363129,2024-09-14T10:35:43.350057
54916,40703|34225|47995|98630|91391,2023-03-14T04:29:44.188804,2023-06-22T22:13:39.359512
88076,66127|94188|53985|98912|24221,2024-06-06T03:44:22.598227,2024-10-22T05:19:08.479481
14994,83752|44003|98394|98339|23771,2023-08-15T03:59:51.233697,2024-04-28T23:12:44.912888
88622,92538|47995|5815|81956|96976,2023-09-23T03:07:24.487837,2024-08-27T05:37:00.020381
85820,42992|75089|70223|21921|95993,2025-01-02T20:32:47.080923,2025-01-05T16:41:39.254850
84975,30555|82679|62831|38666|91913,2024-04-28T17:24:21.450449,2025-01-23T06:14:52.933564
63055,46683|10526|42845|37377|56302,2024-04-03T11:08:22.902140,2024-06-06T22:58:26.520769
2446,73631|32365|29650|82097|44736,2024-09-30T08:04:32.709391,2025-01-25T22:43:00.525018
73479,13094|75839|59043|88446|25843,2024-11-10T23:55:11.024588,2024-11-30T00:57:26.977257
27605,25704|42726|41765|68274|25408,2023-09-25T04:04:09.680799,2024-08-29T14:20:09.558633
19922,18622|61228|84859|53981|426,2024-04-28T02:25:10.906736,2024-11-14T09:50:14.394193
97797,13162|59351|7886|41872|37614,2024-06-22T12:28:53.052772,2025-01-10T04:00:16.918732
34083,31658|24692|61307|53311|4243,2024-01-18T04:58:10.454524,2024-03-24T13:34:02.535231
31383,80850|80123|72553|83752|42117,2023-04-12T11:33:45.285823,2023-10-06T18:49:26.080944
8060,68315|1285|21786|485|41751,2024-03-07T03:02:19.138540,2024-11-23T13:16:38.078067
54535,42726|50666|24221|55236|31090,2023-04-07T18:52:42.276150,2024-09-22T15:30:27.209816
78115,53981|506|72427|63378|39022,2023-02-15T12:43:13.168028,2024-01-22T19:25:41.848055
83618,32396|13109|52197|27381|94030,2023-03-08T18:02:16.415543,2024-12-13T12:55:37.234246
40962,14791|72427|52883|97497|94822,2024-08-31T15:30:35.793925,2024-11-25T21:57:36.868802
39929,88926|45400|65815|192|50985,2024-11-06T23:43:35.033296,2025-01-04T21:16:08.209849
23342,73829|54166|71767|69330|62317,2023-11-15T13:33:48.710390,2024-08-13T08:41:45.773472
39576,29252|46080|3149|63853|2237,2024-12-17T17:29:20.623935,2025-01-23T19:01:12.972280
24951,72801|9880|68315|19068|52029,2023-09-22T00:47:15.804073,2024-07-05T06:28:22.951251
32190,44003|79921|86946|78554|27381,2024-05-17T01:31:30.749105,2024-06-14T07:00:09.272991
43835,76711|94227|8678|96874|94063,2023-10-19T22:50:05.885524,2024-06-04T10:10:06.531423
90609,80466|73596|92922|9346|82097,2024-10-26T23:31:30.464074,2024-12-23T16:59:02.623433
32043,12751|28961|84489|74662|25414,2023-02-04T02:35:47.423665,2024-02-10T01:32:41.670697
89987,76509|32402|63987|66827|45004,2024-06-13T19:25:38.687660,2024-12-18T14:32:58.657816
30756,80174|2373|12420|73631|80123,2024-06-25T15:40:36.619266,2024-12-17T04:19:23.862186
2072,16186|99045|98394|28645|63532,2024-03-01T22:26:54.616796,2024-10-13T12:21:36.711053
62721,81176|82613|47533|58177|30045,2023-06-06T12:33:40.868810,2023-12-06T02:37:37.367838
69959,21688|98394|97133|94040|56017,2023-09-29T04:05:47.058255,2023-11-09T06:14:30.089681
33409,45257|30082|87038|75920|16698,2024-04-28T17:21:19.213673,2024-11-03T10:36:27.164561
28959,55381|51781|53981|35801|87281,2024-06-11T04:34:34.158628,2024-12-22T07:19:05.722609
75203,90968|45347|26091|77446|18501,2023-08-10T18:46:14.925928,2024-03-21T22:04:35.221609
80557,53311|93231|86946|80615|64701,2023-09-11T19:01:56.824366,2023-10-23T09:08:26.163141
91500,31135|5540|39319|92029|55598,2023-07-08T17:16:00.971073,2024-09-14T23:54:36.670738
66557,81016|83190|78157|65988|17119,2023-09-22T04:25:34.893014,2024-10-13T00:19:42.717879
31391,96678|7500|48959|33665|48083,2024-07-22T02:48:28.977156,2025-01-18T18:29:54.511888
58709,4172|73829|16814|36419|99294,2024-03-16T12:16:50.886337,2024-12-17T01:12:00.547491
1801,55566|32106|64992|63532|33101,2024-10-04T18:35:04.220025,2024-11-11T18:32:12.489517
75333,73596|21236|12262|32976|63987,2024-11-17T17:25:56.364195,2024-12-25T03:52:28.156429
2561,35958|8132|6883|97133|76088,2024-08-06T23:07:03.428220,2024-10-16T03:09:22.382826
48153,23147|26958|72443|8132|81515,2024-06-22T21:20:11.523422,2024-10-23T07:40:00.873122
41180,32600|37193|81747|16814|32396,2024-09-25T12:47:19.634777,2024-12-28T17:04:45.750771
72661,33988|62575|11084|80174|87248,2023-11-24T16:22:03.721877,2024-11-07T19:57:41.393499
4138,52167|83810|49273|97133|76088,2023-03-16T13:47:35.694710,2023-09-01T07:08:18.726406
96093,31090|91575|53769|17706|87681,2023-10-03T15:23:33.180299,2024-05-14T08:03:15.598408
90649,59351|34322|30589|78119|15487,2023-05-03T21:12:48.373147,2024-06-19T10:36:40.351208
45854,21786|40948|50658|75839|23861,2023-11-17T19:03:11.967259,2024-07-24T05:32:13.339822
55574,59351|29301|15089|81219|31890,2023-10-01T20:43:51.342737,2025-01-19T01:18:39.299810
21004,81463|37377|83847|86812|29553,2024-02-24T04:57:11.857805,2024-06-08T09:21:45.865549
28874,55598|3232|95435|57466|80544,2024-10-25T16:31:33.015540,2024-11-27T04:58:03.193711
28681,87847|65698|19116|20966|63532,2024-10-09T12:24:09.388410,2025-01-22T20:55:06.455057
20599,65066|19656|51749|44639|2910,2023-08-31T08:16:29.128164,2024-11-04T06:58:01.092031
71285,84859|53161|35640|19570|65848,2024-10-13T00:38:33.648475,2025-01-12T16:16:30.155774
14105,89020|55383|6145|21236|22913,2023-09-17T01:39:19.690545,2024-03-21T10:08:47.787895
24077,88612|31658|94843|45394|24694,2023-10-09T16:28:55.747073,2023-11-18T13:59:01.512781
81981,85928|87596|97199|69954|61138,2024-04-26T06:19:19.428682,2024-11-22T20:53:26.170260
83096,35958|76331|24388|39337|38666,2025-01-22T05:49:09.598627,2025-01-25T05:40:15.921084
32991,12793|33665|5419|30696|83847,2024-12-25T07:17:29.724783,2024-12-27T22:11:30.502082
70833,50463|15868|37962|61957|79115,2024-01-02T10:19:52.256233,2024-01-27T13:12:22.189601
96944,74147|71056|8071|7584|9880,2024-10-29T14:32:47.689910,2024-11-19T01:16:57.344530
71146,55812|37246|24466|53860|85288,2024-06-01T02:57:33.815410,2024-08-07T23:44:21.412405
42701,99294|55153|95435|16602|29829,2023-11-18T07:30:38.854768,2024-03-12T01:31:04.860499
97300,34961|84695|86007|58497|62575,2023-06-10T11:52:53.219369,2024-09-25T14:28:03.869247
99903,9017|22093|22913|19474|6049,2023-11-22T04:28:12.073071,2024-01-01T05:09:59.173896
24727,67128|67766|31090|9346|16992,2024-01-07T09:56:16.578887,2024-12-30T08:45:42.297698
11576,62317|29553|97199|6049|49427,2024-02-23T21:30:39.457076,2024-03-08T07:26:43.463346
29961,1533|55383|17799|20881|2967,2023-03-20T12:56:47.565534,2023-11-14T22:36:58.497549
14923,15401|84859|2967|46359|65220,2024-02-11T10:48:42.394436,2024-02-19T17:13:19.132287
16043,73505|87757|37962|96471|32924,2024-10-30T20:49:05.690185,2025-01-09T14:23:06.505366
91056,37625|78554|24466|19656|64440,2024-02-01T11:35:22.073652,2025-01-04T20:48:06.254687
40290,31399|74201|62575|45347|33273,2024-03-08T07:29:19.369359,2024-07-21T02:17:57.822989
32888,88807|26634|49469|79921|954,2024-06-05T12:18:03.584061,2024-08-30T09:15:58.657412
66865,19476|63467|19761|35958|61138,2023-12-04T19:51:45.099578,2024-05-31T06:21:23.297262
23205,53195|64573|9234|50541|44263,2023-10-06T09:30:47.375962,2024-02-02T01:25:20.338504
1024,41872|3232|20961|61708|27797,2023-08-18T19:40:14.352996,2024-01-27T19:20:46.983269
96240,59351|17436|6481|53311|37545,2023-06-03T06:13:48.812027,2023-07-09T15:50:37.407294
20452,20869|77711|95435|73962|76088,2023-03-21T02:33:42.425204,2023-04-29T18:15:15.634519
18037,86365|15505|29031|29361|76331,2023-12-30T10:23:59.414494,2024-11-26T15:04:31.450714
59532,650|28324|14411|42726|15180,2024-07-29T01:30:08.914126,2024-11-25T14:14:42.111246
86235,44736|28961|61228|39936|67211,2023-09-13T15:35:32.663122,2024-04-10T00:45:32.088350
87353,36323|18442|72071|64573|46106,2024-12-28T22:47:11.409678,2025-01-12T02:45:31.866439
99110,78342|51982|18622|40570|95435,2025-01-01T16:38:08.507453,2025-01-02T00:06:53.973259
84092,26658|90338|83828|26958|42001,2023-10-20T23:20:32.250149,2024-07-19T10:48:44.338042
46253,79159|24388|42001|72553|1533,2024-01-02T12:17:28.799412,2024-09-02T14:22:53.136687
87465,74201|47180|68043|55212|90968,2023-11-11T20:09:14.091869,2024-06-14T02:25:18.684520
12794,75588|29031|52167|84702|74452,2024-06-07T06:23:18.302896,2024-09-13T22:16:53.178685
85593,37377|36797|81325|57237|8678,2023-09-23T12:01:29.768743,2024-08-29T08:00:58.592050
68086,84906|42992|39319|3293|115,2023-12-20T23:43:10.892550,2024-07-17T14:48:42.000306
81840,62440|50186|61138|53985|77446,2024-06-21T04:34:41.437751,2025-01-12T15:50:43.941388
83288,90625|15180|2686|84906|11084,2023-09-11T16:15:50.406671,2023-10-17T11:21:06.144491
96437,80850|70758|39986|50476|78554,2024-02-21T12:51:13.475419,2024-03-14T06:47:35.779771
32062,56796|36323|24539|28358|87596,2023-08-01T19:48:56.333025,2024-06-22T15:37:48.856456
70921,78505|86503|94063|58497|78279,2023-07-20T19:46:11.433875,2024-04-06T20:51:26.254487
84366,45472|37193|99222|45332|78114,2023-03-24T22:52:41.828333,2024-07-26T05:10:04.571139
46633,4410|56444|76768|80615|1416,2024-08-27T15:12:21.325751,2024-11-11T04:48:43.107256
20234,18677|76125|27839|178|50476,2024-05-04T01:59:49.960538,2024-11-03T23:04:29.669648
20424,64198|79921|90338|35801|7259,2024-11-08T15:18:23.001014,2025-01-22T03:08:16.277609
39922,90180|41376|65988|89020|4977,2024-05-27T05:29:53.396263,2025-01-09T21:26:10.793902
84607,28358|19474|81747|9234|2628,2024-12-14T02:13:34.062553,2024-12-15T09:13:31.107432
8097,38158|88434|69954|80174|65849,2023-03-22T08:33:44.296887,2024-03-06T03:11:17.329471
17595,21854|75089|21201|42978|426,2024-10-11T11:07:57.148103,2024-11-10T11:11:47.169636
67631,29376|24362|64992|79584|85518,2023-11-06T17:18:34.016091,2025-01-23T15:53:05.317753
57461,88434|80360|52937|17995|53985,2023-01-28T09:22:19.089945,2023-11-23T14:31:43.798847
63408,31341|19474|42978|1545|84002,2023-07-22T01:46:33.978111,2024-10-06T02:44:22.174680
43952,29550|30400|58042|45427|30555,2025-01-11T19:43:06.915122,2025-01-15T18:34:47.415201
76969,94188|20270|78342|21854|89020,2023-05-07T10:28:27.221016,2024-10-26T20:09:24.065246
30431,62924|55566|76125|82878|84302,2023-12-13T20:36:54.989343,2024-04-30T12:15:27.506293
12744,45332|9315|41792|37890|36245,2024-12-02T01:46:57.828736,2024-12-04T14:38:34.593522
24050,62716|24362|87847|62831|65698,2024-10-04T19:09:55.406291,2025-01-06T18:05:08.309404
23716,18744|81515|91977|11466|87341,2023-11-17T04:02:39.911371,2024-12-16T01:54:22.565970
96730,69712|33665|19761|9880|1545,2024-05-06T11:49:15.855975,2024-11-26T15:46:57.028022
79707,15868|45032|85928|49780|40061,2024-12-13T15:42:42.335166,2024-12-21T00:52:05.597661
82841,32396|18622|50658|28496|9315,2023-10-27T19:53:37.290632,2024-10-06T12:25:13.191552
24516,42978|27381|49564|84526|95435,2024-05-01T03:49:19.992751,2024-12-06T21:28:54.307170
3709,89864|66577|52861|60138|61957,2023-11-25T07:48:58.741914,2024-08-03T05:51:18.579756
79453,115|80618|1210|80917|174,2024-06-10T18:47:34.566705,2025-01-15T12:57:50.907774
12448,27564|10676|66804|80511|98759,2023-08-21T15:15:37.686165,2024-02-19T13:11:05.183245
15600,87813|58948|53769|27603|14986,2024-06-23T09:37:25.636504,2024-09-15T22:42:55.879923
54552,13177|59163|32926|78505|75856,2023-04-11T20:07:42.798956,2024-09-06T22:55:48.582878
79179,37495|58948|96520|41765|78266,2024-02-12T13:28:07.708750,2024-04-09T05:12:09.265537
28565,44003|42996|50186|43623|72371,2023-03-26T15:26:56.478718,2024-05-13T07:07:08.745898
20985,20966|87968|31341|39490|37614,2023-11-05T22:00:20.511559,2024-12-28T10:10:25.139398
2673,18774|88686|55598|87757|45648,2024-05-06T10:17:25.775821,2024-10-03T19:13:29.651720
47935,86946|86906|82097|15868|23861,2023-05-16T00:48:44.449716,2024-10-15T19:11:25.260964
97548,64573|30589|39149|4172|40700,2024-08-08T15:14:18.635888,2024-11-19T19:34:44.279651
92915,41765|15089|22998|76589|18742,2024-06-30T04:18:23.810122,2025-01-01T19:29:45.132464
14902,52883|84702|95212|85288|28324,2024-05-11T11:54:05.496298,2024-06-28T06:09:20.086218
86638,20330|29252|29699|12312|93405,2023-06-23T10:10:05.393665,2024-04-03T00:43:49.039037
8549,33273|23052|84741|57031|6145,2024-10-24T23:55:40.326623,2025-01-18T10:07:22.095489
25974,16923|53511|44906|18927|6883,2024-05-07T04:48:14.420819,2025-01-11T08:17:45.637904
5780,9482|93231|50449|34322|42978,2023-04-09T21:48:51.870459,2024-01-20T12:23:34.425735
81874,43437|6481|5378|20483|80880,2023-07-04T06:30:57.163782,2023-09-18T06:46:50.633464
98398,98630|65066|4861|57483|369,2024-04-19T12:59:01.888856,2024-08-13T00:28:30.899979
80263,81219|55383|20483|82878|13712,2023-08-16T14:34:12.448607,2024-02-23T19:46:39.606222
59148,11967|55236|12420|69805|27381,2023-05-03T23:05:46.625157,2024-04-06T14:55:33.529689
22050,26169|38158|13155|36419|82056,2023-12-24T00:58:15.664390,2024-12-22T23:01:53.279209
44552,69186|58948|87596|28645|95435,2024-11-29T00:41:10.548221,2025-01-17T16:34:04.404899
126,50740|70818|7967|57524|19761,2024-06-16T16:58:46.231772,2024-10-27T05:32:55.934254
41660,40094|55381|29225|66802|17976,2024-02-06T10:15:03.284614,2025-01-24T15:21:20.415273
55773,1742|50658|50740|16698|16903,2023-02-15T08:13:50.674387,2023-04-26T23:37:58.166270
56639,98495|75920|40210|69712|83810,2024-05-16T18:26:18.699476,2024-12-20T17:30:58.040614
94479,39022|81016|59221|41396|20056,2023-09-06T19:27:44.132545,2024-07-08T22:59:50.431584
40334,78279|75404|92990|2373|28121,2024-08-16T00:43:44.376773,2024-11-21T14:13:34.955443
62272,50658|28961|86054|4037|12339,2023-12-30T18:25:23.182280,2024-11-28T14:06:02.364311
74828,42279|66577|92296|97409|75856,2024-07-13T05:29:42.931364,2024-12-27T17:33:09.587378
19384,65529|45648|30045|29361|17706,2023-05-02T23:53:00.355224,2024-04-27T17:55:04.416097
17217,88972|426|15073|66577|14372,2024-02-19T08:24:25.933050,2024-04-21T17:19:23.857354
25301,68245|18774|87787|28121|30400,2023-11-07T13:33:24.577608,2024-03-22T03:14:56.013577
89266,9017|58496|93405|86906|57676,2024-09-24T16:35:16.016643,2024-10-12T06:28:36.100500
21273,28876|92099|61138|45171|95993,2024-03-29T18:13:36.620908,2024-06-26T13:39:52.854833
95535,46153|10584|34322|91575|75089,2025-01-14T14:25:28.546320,2025-01-19T16:39:27.051239
54861,45692|64992|57483|75404|66127,2023-06-24T08:39:31.711653,2023-12-30T07:43:26.207832
10260,60077|19761|47470|9205|38278,2023-03-09T15:44:19.576995,2024-02-20T14:03:22.748570
47302,78306|31135|57237|64064|17292,2023-07-21T18:55:12.720864,2024-05-13T22:04:56.022557
41381,45226|17115|53161|17799|56381,2023-07-22T14:10:25.954647,2024-05-11T14:55:15.402269
70029,48809|48265|99222|3716|75404,2024-07-07T04:50:20.659050,2024-12-07T19:00:32.818458
76578,58948|80544|79128|33031|96874,2024-12-09T19:31:17.138299,2025-01-18T22:35:25.171785
79863,25704|79553|3716|78348|16406,2024-10-26T07:07:40.869084,2024-11-24T09:30:04.357305
25409,40570|9017|67211|32158|49827,2023-05-03T00:33:31.817094,2023-12-20T01:50:05.171833
59995,44550|83807|72889|31658|99045,2024-12-10T21:03:30.191451,2025-01-24T03:44:18.345567
36205,81747|47533|38158|98912|46359,2023-09-02T17:45:56.914239,2024-01-20T16:54:54.044324
50984,95284|98936|5801|38666|88926,2024-09-01T04:23:06.210379,2024-10-07T00:23:31.414185
41185,11967|50384|30082|24324|65848,2024-09-10T12:40:14.608059,2024-10-16T16:44:19.166246
78996,38020|41713|46602|10525|27500,2023-07-19T11:41:49.250798,2024-01-28T02:42:10.262552
80243,38744|80618|64576|98912|19068,2024-01-24T16:34:58.185230,2024-01-26T17:56:46.306975
69820,20483|57237|26634|53713|50985,2024-08-05T04:07:11.945805,2024-09-29T21:09:53.196719
43117,30400|16406|53769|347|15089,2024-03-22T03:25:58.648211,2024-09-20T20:53:20.424353
28427,76125|5801|71090|33215|83190,2023-07-22T22:18:32.961725,2024-02-03T11:33:31.982729
49398,28444|15180|14411|96490|75404,2023-10-27T09:40:46.825919,2024-07-05T11:29:03.160279
66918,55551|49469|6789|64992|29572,2024-04-29T03:30:15.562473,2024-07-08T12:28:11.444582
45293,39976|84302|42978|81219|70098,2024-09-19T06:21:57.511041,2025-01-11T18:18:17.585156
42311,4861|85741|47180|19116|17115,2024-10-18T15:42:19.312117,2024-12-04T16:12:11.138653
46537,64701|78279|79584|16992|57524,2024-02-28T11:58:38.004269,2024-07-03T17:53:27.177023
95179,86007|87281|53769|40570|18742,2024-06-12T09:54:10.388431,2024-08-10T05:00:53.526115
25830,14378|14405|2141|74243|37246,2025-01-20T23:16:40.128170,2025-01-22T02:00:17.254776
99536,7979|95284|71023|19761|93939,2025-01-18T13:27:35.278431,2025-01-23T20:16:44.721116
36515,64440|81219|65815|28606|72071,2023-08-20T23:53:55.557448,2024-08-20T00:29:00.384956
25700,19869|47180|30696|51781|17119,2024-04-28T09:40:13.611773,2024-07-20T08:53:36.807229
7334,53367|81515|44639|65848|93231,2023-03-08T16:44:29.177253,2023-06-01T13:02:13.637557
5115,35958|22998|26917|96874|41768,2024-11-01T10:30:33.829279,2024-12-18T14:57:03.454202
22752,4410|28572|53481|93231|28645,2024-10-02T02:24:14.991148,2024-10-26T21:47:41.973244
26978,42726|13712|95760|63467|81676,2024-01-07T00:47:53.052483,2024-09-09T15:16:27.995706
83848,2910|32600|9232|14791|1402,2024-01-15T08:27:47.585812,2025-01-14T11:16:13.113663
1053,57466|5008|71232|3149|95530,2023-12-03T06:23:52.742559,2024-10-29T11:42:14.792163
46094,12312|23861|37470|32631|99766,2023-10-30T11:29:34.758279,2024-10-30T08:12:54.833439
7281,21580|18742|38586|93259|32727,2023-06-07T19:57:26.744170,2024-02-02T17:59:44.978185
32314,28645|59983|4051|11263|17292,2025-01-21T19:20:49.424757,2025-01-24T21:18:28.310950
83954,56463|68467|45472|53367|33260,2024-11-30T18:36:03.728899,2024-12-19T13:20:45.801640
85872,30045|49427|43623|86503|15180,2024-04-08T21:47:46.479973,2024-11-17T05:22:18.231231
13053,97199|92099|11263|92408|7584,2023-03-02T00:10:44.667374,2024-09-13T07:43:16.164390
1234,48702|31101|53834|51355|65916,2023-07-03T04:18:38.259005,2024-12-11T01:01:51.216954
91789,90734|26658|16406|14378|63256,2023-11-16T20:17:09.697778,2024-08-08T21:23:55.692154
86145,73957|39337|3716|10429|44263,2024-04-07T10:21:45.331093,2024-05-21T07:51:18.714602
78370,53195|14791|37107|68315|7445,2024-04-15T21:00:13.240780,2024-11-26T19:34:08.598104
47956,63467|78230|650|58948|57237,2023-08-04T05:18:43.644412,2024-10-10T02:28:39.928365
29049,35358|86193|53713|45226|36419,2023-07-06T11:09:02.585689,2024-05-14T06:31:37.698066
65780,1459|2356|97524|16261|86054,2023-12-16T23:02:29.997696,2024-05-20T14:40:54.033113
92109,82505|88088|61200|14405|35358,2023-11-03T18:21:13.142592,2024-11-05T17:05:27.947042
90849,76589|55112|61777|64440|1285,2023-12-03T17:24:45.872498,2024-04-21T18:12:45.649385
216,90338|27255|35958|40703|92840,2023-07-14T14:50:41.671069,2023-12-06T13:09:00.067476
31835,42001|21236|24393|93259|26456,2025-01-08T18:51:09.809089,2025-01-17T00:43:39.914493
96764,62023|24692|55566|7216|18176,2024-10-21T16:38:44.251029,2025-01-02T07:21:50.211648
57393,84285|26734|72797|76088|75089,2024-11-13T05:36:58.312218,2025-01-20T04:04:11.649036
55994,29252|41376|89864|24388|35649,2023-12-20T03:06:15.443801,2024-02-24T07:59:09.791728
23828,42996|78230|69117|29252|8678,2024-10-15T20:09:55.584746,2024-12-23T00:56:02.728108
26613,6905|51300|18742|17292|21688,2023-03-12T18:41:47.272026,2023-10-25T22:17:18.703914
20523,29829|7245|50658|70879|64447,2024-10-14T10:24:37.752874,2024-11-28T06:09:48.361121
7322,20245|18774|89312|78348|14563,2024-05-29T16:40:56.166791,2024-12-11T21:44:55.367823
68310,91503|61777|66127|9613|51625,2024-07-16T04:45:29.071968,2024-08-01T17:42:39.123078
68642,52795|53481|78119|34313|59163,2024-05-28T15:35:11.806218,2025-01-22T19:06:07.332543
73752,53367|3293|64576|41768|13378,2024-08-02T07:40:19.420303,2024-11-11T18:15:53.627416
79469,98339|15180|13162|83624|5378,2023-02-25T19:42:41.105872,2024-03-03T04:08:02.808946
84441,79128|10676|25622|56796|89909,2023-02-19T05:23:24.433782,2023-02-19T16:08:55.672653
98959,65220|94822|18501|64447|18265,2024-01-14T17:26:05.184368,2024-07-27T06:31:03.010695
9375,82679|17292|13378|58042|9315,2024-10-17T21:04:35.069431,2025-01-22T22:12:57.117048
2966,84906|41396|35958|9017|34145,2023-11-25T13:57:59.165820,2024-07-08T03:12:58.876140
1521,82035|96678|81956|48959|53161,2023-02-20T19:03:26.783795,2024-08-25T10:44:14.933694
32378,64064|19289|45472|31101|55551,2023-05-28T16:58:56.463009,2023-10-12T01:19:18.619965
94910,47533|45032|16923|49427|95993,2023-05-04T19:46:37.980058,2023-09-01T04:00:01.912410
82532,4855|86637|88446|84489|49153,2023-12-30T04:38:47.988186,2024-09-02T02:21:46.055515
27354,81463|68245|33031|89864|90625,2023-12-15T20:24:37.858191,2024-08-15T08:30:35.685374
89907,52167|7886|10333|68857|49427,2023-04-15T16:21:10.557940,2023-12-21T11:24:43.477453
5948,51473|63121|89909|49564|68857,2023-02-28T09:26:37.924667,2024-07-18T01:36:41.590013
45082,31890|19761|7445|42978|76665,2024-12-27T18:08:40.341145,2025-01-24T02:56:42.757361
83075,93939|62023|19474|33988|44894,2024-03-17T21:24:25.042887,2024-04-17T07:44:01.513523
6627,48296|63256|3196|9315|73107,2024-02-16T01:24:20.572233,2024-08-19T05:35:43.306380
10832,42099|73449|18176|72371|12339,2023-11-24T11:27:41.693581,2024-10-28T05:32:39.312250
64058,73631|94806|24388|40615|5801,2025-01-06T09:25:41.728075,2025-01-11T21:34:17.420764
96756,76794|75914|59229|954|32727,2023-05-23T23:53:29.592029,2023-11-14T19:51:11.837307
90307,88088|31658|81689|20881|80796,2024-05-06T13:37:35.276007,2024-07-20T03:52:11.753788
15841,94227|40210|369|99294|67766,2024-09-05T15:26:32.435870,2024-12-12T05:43:39.283744
6374,45427|58177|4977|41792|30589,2023-08-21T03:19:23.731282,2024-01-11T14:58:38.225996
63964,93405|37107|34313|51781|55112,2023-08-22T11:59:00.195100,2024-12-14T20:14:05.326267
32184,44263|34020|27255|14452|62831,2023-05-01T04:55:57.823759,2023-11-21T23:35:54.054106
54215,81689|45427|29890|3778|38158,2024-01-19T10:08:48.019441,2024-03-26T17:47:34.782023
37110,15089|24506|28496|12420|90625,2023-12-25T16:40:19.878697,2024-12-14T00:17:03.059350
98405,14281|34930|55383|80796|20330,2024-11-20T16:10:45.033481,2025-01-08T04:32:55.931051
51219,1533|62831|65066|98339|31090,2023-04-23T13:36:23.672212,2024-08-03T08:46:50.225011
8657,2910|650|41792|16814|87281,2023-11-21T00:22:48.453595,2024-09-30T02:02:58.135228
58823,98394|49827|70818|94843|94040,2023-12-01T02:37:04.655862,2024-03-26T02:47:20.593579
60608,28444|86365|4172|66804|46602,2024-09-21T23:43:20.866354,2025-01-23T17:49:44.909747
27291,27381|80360|369|91391|38020,2024-11-04T21:42:28.866281,2024-12-27T22:17:34.489652
33575,30794|14452|85546|80123|8930,2024-12-04T10:34:08.871456,2024-12-22T21:02:47.676571
85559,73829|39022|47071|65698|61228,2024-08-05T11:47:32.687092,2024-09-23T00:42:13.789896
99956,20330|88088|98759|72443|7979,2024-11-02T00:03:46.433170,2024-11-12T01:34:24.219416
46856,80577|92296|37684|50476|30045,2024-04-05T23:24:36.437191,2024-08-13T04:46:48.155698
59072,96874|22998|80615|10159|55212,2023-08-14T21:19:55.465373,2023-10-28T14:23:40.953734
18461,19294|426|85928|93718|52861,2023-08-09T04:51:06.925518,2024-02-16T18:04:53.846668
90740,26921|22093|19869|96708|81158,2023-02-14T21:50:16.529499,2025-01-17T10:11:27.121955
6951,67128|42001|16406|30990|39671,2024-10-10T03:13:49.029927,2024-12-02T17:50:46.404392
41985,3196|48809|3798|41231|81176,2024-07-24T12:39:56.030283,2024-09-24T22:50:34.587816
57319,75146|79470|83810|4855|57524,2023-11-28T08:48:07.406151,2024-04-22T15:37:22.782461
43724,25414|7434|18322|96471|52029,2024-05-18T05:12:47.865139,2024-06-18T17:10:07.428943
53610,62317|90338|26456|62831|9232,2023-03-11T21:16:49.354486,2023-09-02T23:48:16.553670
24357,92990|71023|31658|36323|58177,2023-08-10T10:09:45.808022,2023-12-04T21:23:33.861169
48958,40703|91653|4243|17976|23483,2024-06-25T20:46:07.487313,2024-12-27T13:15:59.608029
29531,26917|64198|51198|44550|57158,2023-10-28T01:05:03.650491,2023-11-28T01:19:48.665757
68555,84695|58177|14281|48296|30794,2023-10-19T02:42:19.206122,2024-12-10T02:18:42.922342
14475,87968|81158|44894|46602|33988,2023-12-29T09:11:34.329739,2024-12-29T17:34:20.554801
71072,22860|84285|42655|96520|66804,2024-01-26T18:10:06.581321,2024-04-24T22:58:06.897975
39081,41719|80466|33260|49829|94832,2024-11-11T12:12:11.419967,2024-11-22T23:03:19.834628
95511,41544|15337|4129|92922|58948,2024-11-28T15:55:13.673595,2024-12-04T01:21:57.762897
57218,60194|52029|10584|51355|78157,2024-08-06T20:53:41.956065,2025-01-15T01:50:58.298578
54315,33665|78279|59983|92538|63121,2024-02-03T20:14:06.254067,2024-10-25T05:36:16.273598
13084,84161|66577|95530|65220|6977,2023-05-01T04:09:16.477376,2023-08-19T00:55:38.035068
63884,1545|38152|41751|61459|14009,2023-06-13T08:13:25.908260,2024-08-20T20:50:31.508948
76811,62720|84878|24694|95620|7259,2023-12-09T17:11:38.209177,2024-03-06T07:00:54.250692
52741,62831|83807|28735|49700|32924,2024-06-13T00:57:16.935571,2024-06-25T16:52:16.993653
11080,1545|39519|5378|63853|15401,2023-07-13T01:41:29.107721,2024-04-20T17:11:32.853821
12139,45472|24362|53940|63853|99818,2023-03-11T18:53:46.153656,2024-02-16T02:34:54.539520
73844,65988|80615|11466|73107|49153,2024-09-09T23:12:46.498445,2024-09-25T06:25:19.551421
83586,27255|94806|47533|64198|1255,2023-06-09T09:37:03.474629,2024-05-07T02:25:17.319906
31757,36571|13109|59221|41719|12375,2024-07-14T20:06:40.837147,2024-10-02T20:31:10.057984
48968,23483|115|78157|79921|48959,2024-11-20T05:47:12.610443,2024-12-02T07:32:15.947401
84864,14563|35136|99811|12751|6883,2023-02-16T02:22:53.649539,2023-06-24T18:42:31.161835
36788,80123|18593|45332|90180|37625,2023-11-29T16:08:47.654462,2024-05-31T19:29:48.911354
12295,38158|54166|13015|71547|52428,2024-06-07T05:19:14.113679,2024-10-13T01:37:06.616830
52143,68789|1515|61777|20330|34973,2023-06-03T08:13:25.960160,2024-12-22T14:15:45.169000
17147,4861|6052|80615|53481|45692,2024-10-12T14:17:29.614402,2024-10-17T10:58:43.533412
24520,67766|11697|8971|49427|34225,2023-02-11T08:45:51.346021,2024-10-30T17:11:48.519952
43362,45360|78306|5008|29650|74662,2024-02-10T12:04:23.608303,2024-04-15T19:44:17.076677
30730,51749|21649|42655|63467|44550,2024-10-10T23:43:37.754372,2025-01-07T05:36:11.932229
58061,50186|58497|11466|32106|55566,2024-06-23T06:35:17.473329,2025-01-07T14:19:19.086435
7904,65529|24539|69117|72562|29732,2024-08-04T22:03:37.658553,2024-12-12T11:21:27.030066
51531,67128|94832|60935|29890|77911,2024-12-23T19:38:09.403913,2025-01-12T15:35:23.976579
12096,81158|30555|65459|51749|87248,2023-04-22T15:56:36.864363,2024-10-14T05:13:56.934125
83641,91611|62575|84489|39337|91391,2024-01-26T12:05:41.789866,2024-10-29T15:22:17.661255
5287,5801|79159|48265|10333|47995,2024-06-02T08:48:43.556821,2024-09-12T04:54:47.804604
2758,78622|71547|3798|6481|52795,2024-06-12T06:26:11.460911,2024-07-07T22:14:50.009875
61541,63378|92538|85518|24879|12136,2023-12-15T19:45:53.079421,2024-12-01T09:02:01.101825
84762,76509|83178|50740|50891|103,2023-12-01T14:28:24.122710,2024-07-03T13:48:18.095599
36710,62440|56444|2484|70879|7952,2023-02-20T20:56:42.653008,2023-06-13T08:52:28.083931
24450,33988|17436|26921|68819|71476,2024-12-27T19:13:23.405243,2025-01-15T22:15:17.590402
65210,21921|17765|77446|80360|18742,2024-10-08T03:11:46.894459,2024-10-31T06:28:06.205493
1241,84906|19474|24692|99222|75404,2024-01-29T12:04:23.665236,2024-06-06T21:05:26.532002
26178,56463|17115|22517|92922|1533,2023-07-01T17:35:46.455074,2023-12-03T00:02:06.669450
97209,49564|30589|37625|13368|115,2023-12-11T09:36:00.090830,2024-02-21T10:52:32.086337
67246,26140|35010|40615|31090|53195,2024-11-17T01:31:11.355330,2025-01-20T10:09:09.810692
94059,98759|74201|12793|21750|81463,2023-05-23T02:12:24.571656,2024-12-22T08:47:18.707051
16223,61459|61703|50463|76589|76125,2023-05-06T07:27:46.637646,2024-02-12T09:15:47.605735
40496,13109|68245|41231|14372|7500,2023-04-12T23:01:24.074643,2024-04-06T05:36:24.876603
14070,63378|48265|62128|97199|56463,2024-08-15T21:08:20.036717,2024-11-10T15:36:54.356141
17571,20961|94843|48702|48265|48570,2023-11-30T21:39:17.915412,2024-12-02T05:20:51.531094
73474,96969|80577|87248|41751|62831,2024-12-31T23:31:30.807716,2025-01-01T15:21:07.256537
33155,83752|76589|9017|37107|37614,2023-11-11T21:40:43.229923,2024-09-07T15:48:28.623416
22499,30744|40948|2373|62720|61459,2023-04-14T22:02:23.533908,2023-06-27T08:46:18.475975
66792,33665|62440|93939|32158|87596,2023-12-11T15:05:52.925270,2024-12-17T12:02:20.994840
84232,86054|19066|88434|12339|57676,2023-11-06T04:02:10.704599,2023-11-20T16:11:13.171277
15415,22517|36571|26140|37193|84489,2023-04-22T04:42:17.894808,2025-01-13T19:00:03.352384
32994,33988|94832|71274|1742|80615,2024-12-02T14:47:26.072724,2024-12-23T04:17:22.894274
98084,369|15868|45959|42726|81747,2024-07-21T09:02:09.861838,2024-12-14T22:54:04.215070
98947,21750|6773|24506|19381|3605,2023-05-02T17:58:45.272912,2023-06-28T09:49:25.078311
57428,20270|80491|76626|75588|99222,2024-07-12T10:17:52.631675,2024-12-23T13:21:44.470558
14723,7584|14378|62128|18442|66804,2023-09-20T17:12:04.721010,2024-10-23T05:41:48.541183
28041,99480|80850|63256|83810|74452,2024-08-11T09:07:27.890796,2024-12-10T13:05:42.437683
90045,46106|87847|79470|49898|41713,2023-11-07T20:43:42.832054,2024-08-29T10:57:48.411966
11415,51198|16078|76125|23861|80174,2023-09-27T10:11:31.029855,2023-10-07T20:03:52.077068
38816,92296|48083|47071|66144|22203,2024-02-25T07:07:52.180837,2024-04-05T16:59:16.756216
71624,84285|4172|30990|65459|77081,2024-08-22T19:13:04.609491,2025-01-15T05:18:13.447663
51102,90625|5378|65529|3778|10933,2024-11-19T13:11:14.905363,2025-01-20T08:21:46.128361
94113,78230|64440|34322|11014|14009,2023-03-28T03:28:41.531980,2024-10-26T08:38:34.788618
4752,14921|45648|39490|45032|39752,2023-06-28T15:51:02.552616,2023-12-10T22:53:11.987057
52743,53981|77446|76331|19474|19289,2024-05-17T08:02:43.955671,2025-01-12T15:45:01.456136
50400,21649|32174|9880|61459|45032,2023-10-20T13:00:39.535029,2024-10-09T06:42:19.227365
8907,48137|49700|90625|44263|48993,2024-05-30T03:23:52.412526,2024-07-02T05:43:04.163378
65064,35136|26634|90625|56463|65848,2024-11-30T20:24:41.303274,2024-12-31T01:02:30.211159
84198,86946|32924|28506|192|48570,2023-10-09T02:13:29.410264,2024-02-02T23:55:50.223820
95266,96969|84702|87637|34322|19289,2023-09-14T15:12:56.829864,2024-02-27T07:06:11.975657
20895,20270|87038|6049|70899|5815,2024-11-18T18:27:41.841712,2024-12-07T06:31:58.494422
90261,42996|11697|9880|76088|66144,2025-01-08T09:21:50.882944,2025-01-13T21:38:52.841327
29463,48993|32924|66827|71767|74201,2024-09-15T23:14:19.309551,2024-09-30T09:06:17.830916
65374,51982|61200|28606|14921|89290,2023-08-10T23:57:37.045529,2024-03-28T14:35:35.878324
92920,22913|32926|25414|58497|24362,2023-02-15T01:14:17.165654,2023-07-01T01:33:22.841054
29089,65815|14452|2141|30555|80511,2024-09-02T16:08:18.887522,2024-09-22T10:54:14.174993
49703,57483|95284|10445|84859|53511,2024-03-03T22:37:48.474003,2024-05-25T10:56:01.716567
1653,20869|14791|15505|57277|29650,2023-09-19T20:00:06.541201,2024-12-27T22:41:02.984480
5744,7259|33988|11521|49153|82679,2023-07-11T21:11:56.228105,2023-11-29T06:11:34.819217
21795,14281|89909|21854|73518|70098,2024-10-01T02:26:32.368915,2024-12-04T00:48:30.544943
33100,24388|40570|71232|33215|32106,2024-05-28T18:50:19.549861,2024-09-13T20:07:03.220764
31426,79128|50186|26921|12339|54166,2024-08-28T16:12:15.010663,2025-01-04T22:25:56.054983
41960,18501|18774|20961|24879|4410,2023-07-14T04:30:30.288780,2024-11-09T18:03:52.419197
98352,5378|40061|65184|97835|80491,2023-07-18T09:49:42.198066,2024-01-14T10:26:15.541791
91127,4243|901|45257|80491|77711,2024-07-31T05:46:34.562822,2025-01-14T18:13:19.449333
41678,24362|42117|31399|74662|57031,2023-04-03T03:38:19.847180,2024-06-16T06:53:33.348766
39603,45257|45648|75089|82056|6049,2024-02-28T14:38:07.568021,2024-05-05T09:30:31.799195
83937,81463|58496|69132|70758|17292,2023-04-09T03:33:29.853806,2023-11-18T11:45:10.072802
99967,16186|75920|49898|75839|53401,2024-01-23T13:26:28.131008,2024-04-27T17:23:04.230483
32795,28444|4692|99766|65459|10676,2024-07-29T08:35:22.568658,2024-11-24T03:02:11.039681
63452,94040|13368|36036|77911|6145,2023-03-02T19:36:07.157795,2024-04-25T03:46:24.974573
60345,66384|38152|72553|33260|66144,2023-11-24T12:52:52.041161,2024-09-25T03:07:12.688769
19703,50985|63987|80491|85741|96874,2023-09-19T03:44:08.840739,2024-03-03T10:04:36.217998
79851,83624|10730|86193|97497|27809,2024-07-01T05:59:41.485328,2024-11-02T10:31:11.093956
94007,67766|95530|954|35640|51198,2024-03-23T07:55:28.801914,2024-10-12T07:08:27.145040
37702,26091|47616|40948|69117|36323,2024-04-01T11:58:00.909074,2024-09-27T18:40:07.549383
19040,78346|15180|74710|37495|73598,2023-10-14T07:58:29.611198,2023-12-04T12:09:40.911923
5309,96471|69330|40615|52197|81676,2024-06-22T20:35:59.081696,2024-09-08T07:46:13.269777
43746,31341|96360|31135|17765|49780,2023-07-07T05:36:19.561949,2023-08-11T13:24:42.354704
85426,55440|14472|485|49827|68274,2024-01-11T08:42:54.734864,2024-12-25T23:19:43.946720
41408,17436|39337|58496|80618|52167,2023-11-07T04:49:18.192489,2024-07-03T04:25:54.569486
36991,43096|64447|21688|70098|5008,2023-02-08T21:58:18.501131,2024-10-11T14:54:45.194157
40830,72371|85947|14378|10526|3196,2024-08-19T09:26:01.249773,2024-11-18T06:29:57.364101
45363,33761|31385|24506|50666|29732,2024-06-22T10:37:55.947249,2024-12-29T17:18:46.365579
72485,96360|9613|86196|42726|53403,2023-04-22T01:47:43.423989,2023-08-03T12:26:29.508616
17313,36299|13368|42992|65916|64576,2024-03-16T13:57:53.667086,2024-04-10T10:58:09.789186
60491,178|62128|15089|16078|31135,2023-10-06T01:06:50.151712,2024-07-13T23:28:24.826637
26276,30990|72889|49898|96708|14452,2023-04-22T23:17:00.179755,2023-11-29T21:18:05.844491
87889,13712|178|22860|32926|26091,2023-08-06T15:59:51.894997,2024-03-13T18:00:06.242996
16049,36245|71274|28358|30082|67766,2023-07-08T14:12:07.039755,2024-01-11T14:17:15.727865
8100,50658|40188|53401|68819|50361,2023-08-23T13:01:46.378687,2024-04-19T21:56:31.710028
79654,79553|54166|45860|14372|40210,2023-02-25T20:23:59.688845,2023-12-12T00:47:53.944412
72232,36797|17682|86637|86054|35136,2024-07-17T16:38:33.393641,2024-12-06T21:18:47.473617
76835,58497|55842|103|16992|18265,2023-06-28T21:11:49.090178,2024-03-09T07:02:56.062329
79521,49153|53834|48809|13155|42117,2024-07-05T04:04:20.905438,2024-11-11T11:32:02.910773
50821,39976|34887|91575|53713|75146,2023-09-02T05:32:56.231183,2024-02-05T00:47:47.949609
65266,66144|8930|76711|29225|51625,2023-03-19T02:09:11.978132,2023-10-09T12:37:22.471045
4712,91457|48137|80615|13015|11262,2023-02-02T20:30:17.775861,2023-11-05T06:40:24.916039
67116,50384|86193|35958|9613|47743,2023-07-27T10:28:11.362693,2024-02-21T19:49:13.209588
23121,59043|29376|27797|30744|67941,2024-06-13T13:43:11.629323,2024-11-07T11:04:15.275057
64936,50361|34020|20905|63148|49780,2023-04-22T19:24:09.403665,2024-01-20T20:10:56.626070
92537,5996|67941|7259|28324|40700,2024-05-02T10:52:22.484433,2024-09-28T23:03:51.372717
8112,90734|80491|33761|29550|97409,2024-02-25T20:37:18.301353,2024-07-21T05:29:30.686732
98796,27797|1210|27839|51355|29732,2024-08-01T02:24:28.077311,2024-12-06T22:30:58.248822
59371,29553|10333|28121|53769|42001,2023-06-03T08:55:58.777497,2024-12-28T03:55:33.124117
17283,88159|92029|59043|41792|84161,2024-03-07T09:15:24.723662,2024-03-12T22:21:16.634920
15309,52795|72427|347|91457|26658,2024-01-03T13:57:09.666018,2024-10-25T06:46:48.551186
35469,80360|92787|53860|79159|51355,2023-09-04T03:37:38.797235,2024-02-21T07:26:22.097074
29972,17706|78833|19381|89312|72071,2024-12-23T18:25:42.599137,2025-01-06T04:08:12.985147
93041,15073|81676|24324|50476|4977,2024-07-16T20:40:16.195092,2024-12-24T14:10:58.287449
78575,96353|24506|94227|80917|12375,2024-04-08T05:48:02.089036,2025-01-16T04:22:11.576036
45301,16261|81463|62716|42992|38152,2025-01-04T05:24:30.192850,2025-01-24T00:13:17.260370
74942,51300|57237|4692|68315|73631,2024-11-04T23:21:36.864002,2024-12-04T06:45:13.402462
26451,51198|17292|50845|90180|2484,2023-06-12T09:27:45.224539,2024-05-21T14:32:58.799385
67753,93405|49700|23483|3196|92787,2024-01-24T19:39:45.375527,2024-01-29T11:27:06.406679
81529,43096|49829|29361|15296|506,2025-01-23T06:12:52.347390,2025-01-24T23:50:47.432322
35646,22662|64064|44362|44906|115,2024-07-08T01:34:03.011815,2024-10-04T23:52:47.940383
82289,91913|76768|4861|75807|18265,2024-08-25T07:00:24.466831,2024-10-19T12:15:24.976298
36272,59229|42279|18744|36797|81747,2023-03-21T07:56:39.737023,2024-08-14T06:16:05.547037
40301,65849|20330|26140|17119|32924,2024-11-16T16:07:35.562268,2024-12-01T17:49:37.392546
11761,6481|12625|4977|65184|4129,2024-05-01T17:23:02.768470,2024-06-26T11:50:04.843054
40415,29361|27603|21786|90338|22093,2023-12-18T21:30:58.355290,2024-03-25T18:00:05.967056
14056,60138|78554|89290|79922|20270,2023-01-31T08:41:19.777976,2024-12-31T22:13:40.535933
95518,4861|73270|38158|72095|88446,2023-07-30T07:31:48.307613,2023-11-18T17:24:56.026345
34958,65988|347|23052|63148|75839,2024-01-16T08:39:19.276529,2024-08-26T03:25:41.598937
64228,33273|115|88807|5540|95224,2023-02-25T18:06:18.219569,2024-03-26T01:45:04.040181
14396,92922|76589|89909|12312|80544,2023-06-14T10:37:35.120561,2024-01-31T14:14:19.357391
47799,78230|42001|29732|50384|3778,2024-01-01T00:04:40.626795,2024-03-18T15:53:54.709558
39167,71056|4172|11262|35649|94040,2023-02-03T01:51:34.902220,2024-05-12T22:31:42.768115
36549,49427|73270|69186|88612|79921,2024-12-05T17:04:20.678669,2024-12-15T09:58:10.348176
88123,70223|33031|11816|35640|36299,2024-12-24T03:49:47.180928,2024-12-24T10:23:00.691432
57525,96471|53307|3798|97552|28876,2024-12-03T22:21:00.477162,2025-01-11T10:23:16.364113
34654,30045|19869|89290|7886|97409,2023-09-14T22:00:29.372324,2024-07-08T18:56:48.993459
78010,45860|24393|52167|12793|39149,2023-10-12T07:00:44.583145,2024-07-04T09:44:42.342386
73261,61200|76088|77911|24879|96360,2023-02-18T03:40:44.314797,2024-08-12T21:18:46.115649
57308,85928|17706|12312|31658|47616,2023-09-07T11:46:06.954973,2023-09-11T14:19:49.794009
61881,24692|41544|650|59229|5008,2024-10-02T17:06:41.557232,2024-11-01T12:12:20.231221
19269,84702|19476|53860|32402|87637,2023-01-28T06:46:58.492900,2024-11-19T08:55:12.571080
7325,16903|9234|26456|86906|97409,2024-12-25T10:21:39.686104,2025-01-08T09:01:30.876094
56207,92787|5419|20966|77081|28961,2024-03-08T07:46:45.433814,2025-01-19T23:04:49.206998
88857,32600|6481|26658|93939|41872,2024-06-30T12:39:23.684985,2024-12-14T12:03:57.374973
21690,86193|80511|64198|36419|89020,2023-08-21T01:11:51.305951,2024-02-12T14:22:28.287575
38868,77446|92484|73829|25414|17191,2024-05-14T08:30:28.035788,2024-12-29T10:36:58.858874
70694,92408|49885|50666|4692|50476,2024-08-29T19:35:37.582189,2024-09-20T08:16:58.363908
15316,84302|11084|40061|94227|70402,2025-01-19T08:45:58.858828,2025-01-23T05:08:37.275162
43557,64064|18927|42978|45959|83178,2023-01-27T08:25:40.884270,2023-07-16T13:55:59.402838
77269,15296|63987|83178|65849|46683,2024-12-07T10:34:55.724651,2025-01-08T00:13:47.361060
42290,47470|55551|50666|88612|27809,2024-04-20T10:04:49.321462,2025-01-20T17:21:03.622409
55516,36797|94832|21786|87637|78114,2023-02-21T15:05:30.015820,2024-06-30T07:03:43.208770
88662,174|84471|78279|12751|48959,2023-06-12T23:11:10.064868,2024-02-01T01:11:34.086701
81112,58014|35358|55812|88972|50476,2024-05-16T01:39:53.918063,2024-08-29T12:10:26.073048
43215,19869|42845|42992|24506|89312,2023-09-14T12:40:49.577862,2024-07-20T03:41:43.671130
9794,37107|76509|56017|90734|42992,2024-03-26T08:43:02.254339,2024-05-13T08:33:55.232752
21938,58014|81176|94040|6905|35801,2023-03-24T15:49:17.287724,2023-04-21T04:06:21.135212
14858,11492|56463|51625|78279|2484,2023-03-12T04:40:36.400742,2024-05-09T06:28:34.052974
30058,59983|26634|36183|63121|12625,2024-12-08T05:04:56.687221,2025-01-04T16:18:52.104855
80225,37868|50541|42726|192|80577,2023-12-11T15:17:04.683471,2024-06-09T13:24:50.221471
57621,55383|48570|19289|53511|17706,2024-04-11T05:31:05.726531,2024-09-15T14:39:04.534793
85041,72801|42992|51749|26658|1416,2024-09-05T13:25:12.676220,2024-10-22T12:45:07.145750
52458,84302|42099|78157|91391|3232,2024-05-13T12:34:09.544936,2024-09-27T23:53:13.555064
12039,29733|30045|56463|67766|27603,2024-04-24T08:33:30.343697,2024-07-12T18:33:59.127733
39633,92538|60194|81016|64198|15401,2023-07-30T16:40:52.077670,2024-12-24T10:41:51.826298
14266,96222|88088|53511|56796|95620,2023-07-06T01:27:27.277392,2025-01-09T21:51:40.436347
91540,39936|11084|95269|57466|9613,2024-01-18T18:16:31.292540,2024-05-04T07:54:42.001022
14874,96708|89864|83190|80710|72889,2024-07-05T22:05:13.733808,2024-07-22T09:44:56.043169
46133,36571|87341|84526|16602|78342,2024-10-31T21:28:51.749717,2024-11-24T04:47:26.329744
31329,2686|52428|75588|45959|37890,2024-04-22T10:27:55.939929,2024-07-19T04:24:25.280819
41274,26721|36798|53367|34020|89020,2023-08-31T03:55:28.840881,2025-01-07T02:36:17.649884
7366,25414|89864|10159|1459|42117,2023-07-11T11:40:19.065807,2024-03-30T07:27:32.865144
21882,79553|92840|49829|51781|426,2023-08-05T03:22:17.285205,2024-04-11T15:28:48.915240
97283,86637|47470|66802|97497|48083,2023-08-27T00:47:09.772809,2024-03-28T20:22:17.567310
38582,29225|50361|26721|50891|30045,2023-09-13T01:56:19.352727,2024-08-13T10:57:55.616938
54554,19474|58948|26721|37545|41396,2024-10-03T12:01:50.051727,2025-01-19T07:13:56.415333
49294,95620|68245|73518|2910|41751,2025-01-15T22:57:46.756058,2025-01-19T05:37:37.434519
77055,88686|68274|80360|39490|63467,2023-04-10T16:12:42.552392,2023-05-14T03:38:01.453205
51144,3119|94843|58948|35010|73598,2024-10-03T03:57:58.651366,2024-10-20T07:02:56.376218
81474,58177|92922|19864|29650|87341,2024-11-02T00:01:18.408351,2024-12-04T14:03:44.241930
10337,84002|17436|29829|22203|64198,2024-08-14T06:30:46.992383,2024-11-23T18:53:15.547519
41612,15337|66804|76331|1425|58224,2024-07-21T08:12:46.922299,2024-11-25T17:51:49.607667
48024,347|70098|32924|51473|22913,2025-01-13T10:15:52.511461,2025-01-14T01:38:23.111555
70259,2141|14921|18622|62326|48570,2023-04-12T23:31:52.419016,2023-12-21T16:56:58.556672
6155,19289|28735|92029|31017|94063,2024-06-18T00:17:49.408293,2024-12-28T20:25:01.296030
96251,96222|97133|56017|36299|98394,2024-11-04T19:37:43.519619,2025-01-15T00:16:52.606630
5761,48809|31090|16261|1255|81016,2024-11-13T19:01:33.084443,2024-12-13T21:59:55.052326
31907,33665|38020|42117|66802|28121,2024-08-11T20:45:43.734624,2025-01-19T02:20:45.224545
29199,87757|94040|28393|95215|11521,2023-02-20T23:22:19.418642,2024-10-16T16:16:58.257985
56085,13155|73449|69954|90968|18501,2024-06-29T01:50:37.272700,2024-09-02T01:31:12.287549
49044,83178|28367|34020|16814|87681,2024-06-24T23:17:30.722603,2024-10-04T18:45:07.410341
12331,28506|88446|50985|37868|81158,2024-11-15T14:43:00.636264,2024-12-19T13:26:25.227592
18671,80850|77081|86946|70879|40210,2024-03-08T20:45:38.391963,2024-04-27T17:50:54.854931
80735,92987|47616|87757|2237|12625,2024-04-03T13:28:43.090743,2024-12-12T06:46:18.298162
85973,40094|17995|21921|24388|93939,2023-11-02T19:37:18.589032,2024-03-08T06:23:34.515347
78177,26658|28281|45360|44338|89290,2025-01-12T23:31:33.702333,2025-01-13T12:24:45.970959
61796,10730|99818|29376|37684|74243,2024-07-04T15:33:41.805322,2024-09-16T14:15:59.944537
1665,21786|57031|12420|1210|94040,2023-06-08T12:56:50.018793,2024-12-21T06:15:10.378360
69287,19656|14009|20961|53481|91458,2023-12-22T21:17:34.069865,2024-11-21T23:42:00.842396
12565,89290|47470|81016|94822|64573,2024-12-19T22:48:01.681800,2024-12-22T16:08:17.714906
12423,6481|485|10676|14988|3716,2024-09-20T02:01:01.489533,2024-12-06T12:28:48.329444
18041,73596|36571|82505|79470|12262,2023-11-17T03:15:45.048305,2025-01-06T04:02:31.950267
56841,13109|6052|12793|18176|88972,2023-07-14T23:39:26.289290,2023-10-05T12:43:50.591128
70100,34020|63467|65184|91653|31658,2023-11-19T18:19:02.932655,2023-12-19T05:36:13.739186
95025,954|92408|41792|46683|52428,2023-03-07T08:21:41.187282,2024-01-09T14:27:46.351591
97413,36299|87596|19068|28281|1459,2023-07-20T10:44:46.390690,2023-07-29T03:52:26.668894
11611,50666|88446|73107|80174|26658,2023-06-29T21:41:59.279529,2023-09-24T08:14:47.311560
99179,50658|97497|33031|47071|36797,2024-04-01T11:33:21.481621,2024-11-02T13:52:46.038631
60585,28358|1459|4243|87596|20245,2023-04-21T12:00:57.656229,2023-10-12T05:36:13.775518
77809,11014|43096|28506|6883|12136,2024-03-21T05:12:47.649534,2024-10-22T10:29:46.328616
60217,11855|2910|40210|13961|61459,2023-03-30T12:47:45.148510,2024-05-02T22:23:59.479637
73967,14281|7886|79128|67211|44736,2023-03-24T16:32:15.852291,2024-04-21T17:28:55.350321
83894,60077|97133|46153|29732|53161,2025-01-06T07:19:06.264096,2025-01-07T22:04:59.997536
29673,68819|58014|81158|71090|45226,2024-02-01T01:07:29.518980,2024-12-13T22:27:35.567843
92609,31399|18481|55551|51749|55383,2023-10-20T02:25:19.402433,2024-01-09T09:18:24.007723
54418,87596|29550|52326|72095|52029,2023-05-14T11:35:34.966591,2024-07-10T08:29:44.016553
59771,84906|55633|32727|92484|60884,2024-05-06T20:24:52.778464,2024-05-14T06:13:09.928182
20262,17799|82297|901|58496|3232,2023-02-10T11:42:50.015174,2023-02-26T07:31:18.933758
75635,64576|20245|4218|50740|21688,2024-01-18T09:09:15.134259,2024-11-14T17:54:21.040535
40208,80618|18442|73270|30555|40061,2024-11-14T08:03:32.846462,2024-12-25T16:40:02.137037
46950,91458|11697|87813|38586|97950,2024-11-20T07:52:29.745003,2025-01-15T11:13:25.726930
23830,12262|44263|39337|7259|91977,2024-07-07T05:16:28.358933,2024-12-05T22:50:58.866796
99696,31399|26917|31658|80710|49427,2024-12-06T07:38:07.404102,2024-12-30T13:01:53.776531
10844,58014|64447|42845|27500|24692,2023-04-24T05:10:31.425339,2023-06-07T12:06:37.489271
46787,87675|34961|41713|95620|36245,2024-12-12T06:47:13.208584,2024-12-15T14:29:05.923747
69872,1255|80917|56463|66802|11855,2024-04-28T02:38:20.308672,2025-01-11T08:17:37.891392
67706,9234|26958|31135|68245|39752,2023-08-22T04:27:19.678154,2024-04-30T02:40:34.990772
82227,69117|14921|15401|83624|45004,2024-07-03T08:25:14.820815,2024-11-10T07:14:12.583627
95632,92787|98936|64576|57158|24221,2024-04-28T21:22:34.414805,2024-11-07T13:02:12.954035
61192,91503|2484|39752|72427|98759,2023-02-13T04:21:14.499693,2023-02-13T21:32:52.341533
54738,91575|20400|83847|27839|84526,2023-11-25T22:57:07.605654,2024-10-16T05:48:07.853063
26587,62317|21688|51749|80615|81747,2023-09-01T04:36:09.781233,2023-11-08T10:05:29.981857
11510,33988|84702|39752|48570|426,2023-04-16T16:44:22.824300,2024-07-30T18:24:33.334961
1862,50541|54559|30082|18481|55383,2023-05-13T08:04:06.713329,2023-08-20T23:30:01.859426
97855,53511|2356|20869|77911|1638,2023-02-10T21:07:19.878847,2023-10-06T20:37:52.558282
46134,7886|86365|48959|33215|38020,2023-03-13T04:35:23.855077,2025-01-25T00:57:31.681858
44917,13712|65220|19068|31017|58014,2023-07-18T15:53:34.755286,2023-11-14T23:49:56.880728
2645,45257|48296|2373|45332|4855,2024-10-29T05:45:59.254246,2024-12-08T16:30:49.933726
46824,87248|87757|55812|42655|84695,2024-11-04T19:05:57.772413,2024-11-20T02:39:52.972986
9570,55153|35358|44906|91457|1416,2024-04-02T20:52:20.077634,2024-12-25T08:22:22.100588
29333,76331|50463|42996|72801|39630,2023-08-12T02:01:22.523842,2023-11-17T20:42:56.331135
87929,49898|33260|27839|66804|71547,2024-05-20T19:00:50.941517,2024-12-16T21:35:12.096715
57030,954|44736|53981|67804|3798,2024-03-31T09:33:52.519243,2024-06-12T04:35:41.164270
23876,76125|64576|4172|32727|74147,2024-12-03T13:16:52.513481,2025-01-17T17:18:04.709666
75978,48702|6977|25610|2373|66804,2024-10-03T09:44:16.570578,2024-12-22T01:34:48.091163
25188,85546|13961|6049|79584|89020,2023-12-02T04:09:20.193563,2024-01-14T06:48:35.381233
10825,7967|99480|72427|73107|7500,2024-04-08T23:35:57.556840,2024-10-14T12:15:12.879302
7405,35640|4692|12420|2237|23052,2023-04-16T00:03:47.788088,2023-08-19T20:52:14.855678
70453,55440|17682|76626|65066|65815,2024-01-11T22:12:16.675354,2024-01-25T17:40:26.837388
84230,55153|98912|80796|12625|38278,2023-03-03T14:34:11.134589,2024-03-23T18:41:13.798527
99180,6773|52197|37246|35649|26658,2024-12-19T17:57:41.630422,2025-01-26T00:25:34.339428
84587,50541|59221|92484|95993|7967,2024-01-10T04:36:38.931185,2024-10-08T22:52:04.202264
47420,38152|82297|35958|48137|15505,2023-07-31T07:15:49.229347,2024-06-26T06:26:48.007699
2146,22913|10333|7445|52326|55236,2023-06-14T10:31:09.656598,2023-12-04T10:55:55.079320
19735,45004|81016|4861|32600|18927,2024-01-31T17:50:41.360505,2024-06-02T20:47:44.411463
30260,32631|21688|92840|41154|7245,2024-12-25T14:38:31.135421,2025-01-05T19:34:44.430506
20378,64992|36036|39630|54457|59163,2024-02-22T21:16:05.489436,2024-09-30T01:27:58.796679
40761,89290|174|76125|48296|88807,2023-07-11T18:54:28.160598,2024-09-18T16:41:37.909672
44293,39519|73270|66827|53860|15180,2024-06-28T02:50:11.128034,2024-08-21T03:54:18.893912
4214,18927|73598|62831|41792|28393,2024-10-13T20:16:45.470181,2024-11-16T06:36:31.049538
44587,39936|88159|80415|29361|62716,2023-09-24T21:40:09.249966,2025-01-10T06:03:22.181095
56219,33273|70758|91391|26224|11262,2024-08-17T06:02:03.707199,2024-10-20T11:39:38.529159
33998,67128|86193|62831|45257|52937,2023-09-29T10:39:52.491970,2024-05-12T07:42:57.382391
54369,78342|72071|99045|56381|52167,2024-01-05T07:39:24.990584,2024-02-22T22:38:30.381814
2149,42099|55383|97476|84741|32396,2024-03-29T19:43:34.360457,2024-06-03T12:28:11.187943
55629,1210|96490|12375|8930|65478,2024-03-29T08:15:54.570890,2024-12-26T20:42:23.747034
89406,86503|72443|26634|39671|32600,2023-02-10T03:34:35.437344,2023-11-02T02:00:38.124346
69866,84526|57676|39490|37545|81176,2024-01-11T15:07:42.794446,2024-12-10T14:40:12.195784
21490,60077|78119|98495|39936|31135,2023-11-26T04:42:58.248424,2024-08-08T00:32:27.583383
94826,53307|10905|64701|13094|85928,2024-09-02T14:28:26.191799,2025-01-12T19:02:50.459764
18048,61777|11263|65220|34961|30990,2024-05-01T19:24:13.059118,2024-05-24T10:45:03.122519
94815,13094|7848|14281|37495|46153,2025-01-12T20:28:55.785316,2025-01-17T10:35:41.250870
74674,49829|86196|98394|14405|65849,2023-09-25T09:21:02.633835,2023-10-24T12:46:35.601618
89565,91977|88434|19869|1638|96520,2024-03-06T08:52:03.157084,2024-04-26T00:55:43.104147
84104,13934|88446|51749|71767|27809,2024-03-13T04:46:36.719784,2024-10-07T13:30:44.192076
18689,2237|56796|7445|98912|7967,2024-11-22T13:19:26.704008,2024-11-24T10:40:57.845584
22778,20400|82035|84302|59351|7259,2023-03-12T23:58:43.358995,2023-09-06T11:40:49.720076
53150,96353|65815|82505|50666|20869,2023-03-08T09:32:31.104429,2024-02-23T11:57:19.670058
14025,44736|47995|24393|48137|46106,2024-05-09T23:33:06.326795,2024-09-05T00:24:06.162606
16305,30225|18593|11816|347|10905,2023-12-23T00:29:34.020043,2024-02-13T16:53:21.252160
50274,4855|2373|14988|34020|80415,2024-04-03T16:14:48.474921,2024-12-04T11:29:05.325138
82851,83991|94188|80577|28645|76088,2024-04-30T19:27:01.949259,2024-11-21T21:14:51.190834
28657,17995|61138|52795|65848|27381,2024-11-03T00:51:01.027374,2024-11-10T07:08:22.518458
49184,57237|50658|22913|13094|37585,2024-03-07T09:13:01.188029,2024-12-29T11:25:40.157947
77936,75807|87968|73270|10526|174,2024-04-02T22:07:19.560654,2024-11-09T02:19:49.235151
66769,13015|7259|3196|61228|66127,2023-11-28T09:25:43.836383,2024-03-10T18:15:02.499245
91104,5540|78554|14563|56381|96241,2023-02-27T18:05:05.482485,2024-03-03T23:18:00.844667
14514,24466|47743|91410|10429|48083,2024-10-15T01:32:08.696832,2024-11-15T23:09:40.772471
92476,81016|36036|38152|24221|11492,2024-06-19T19:21:02.682273,2024-07-01T11:39:39.536239
34309,178|76125|45692|66827|59983,2023-12-20T19:12:59.152378,2024-04-05T12:54:54.853055
1632,65478|19761|71414|70818|8678,2024-08-05T22:15:58.434454,2024-10-26T00:20:25.650253
31707,25408|64573|61777|54166|10933,2024-11-15T04:04:26.664180,2025-01-21T13:50:34.138459
8849,80710|65529|88612|68857|41765,2023-02-03T03:23:00.868711,2024-12-03T16:48:19.027704
97495,506|95530|9205|3498|76665,2023-12-09T17:05:58.683952,2024-12-11T07:42:48.001142
19112,94063|11816|48265|12375|21688,2024-02-25T04:38:12.440851,2025-01-03T03:10:33.037220
78475,7245|42117|66144|79921|4410,2024-04-15T18:32:22.688348,2024-08-31T10:24:18.579734
2209,84859|52704|36798|24506|41780,2023-02-16T02:38:20.493535,2023-07-26T11:44:23.581464
60631,76768|4129|67804|96976|95215,2023-10-09T02:02:41.165718,2024-10-01T01:40:19.293063
96511,50891|49564|29732|50361|15073,2024-02-06T22:02:09.291247,2025-01-13T23:27:42.560022
5718,45622|58228|61957|96708|37246,2024-12-23T20:26:47.182543,2025-01-14T20:08:00.408729
25513,6905|29890|33031|45360|55383,2023-10-13T18:46:39.326753,2024-01-11T06:53:21.452624
36489,72801|39976|26140|13368|9613,2024-06-24T23:30:22.241746,2024-07-31T06:21:50.730788
21127,11855|95212|98759|40243|80917,2024-01-06T21:58:38.080080,2024-02-27T04:56:03.932014
15085,34930|67739|31385|84741|30744,2024-05-28T04:21:59.618358,2025-01-14T08:23:05.387439
10244,17995|81747|23147|85741|23861,2024-01-19T17:46:15.004429,2025-01-05T08:37:05.296962
87003,35640|81676|78342|13177|70899,2023-10-19T08:49:44.076960,2023-11-06T17:25:11.456706
65859,89290|37377|5815|48570|4861,2023-03-17T11:40:33.079890,2023-08-18T09:02:35.067097
92169,45427|94063|86196|2373|19381,2023-02-19T09:08:36.532510,2023-07-17T03:23:35.865015
4925,13015|96708|10445|53860|72071,2023-10-24T20:27:56.368686,2023-12-27T03:24:27.758640
54377,20270|77081|4037|57158|25408,2023-07-18T11:31:04.612924,2024-05-03T18:56:33.425790
99014,65698|11492|79361|70758|65916,2023-06-27T14:16:10.534132,2024-12-31T17:00:49.308537
56965,62831|2967|55383|53860|87281,2024-01-18T17:52:38.945281,2024-07-25T03:17:02.310535
83699,93939|50463|83776|41396|10905,2024-05-02T21:46:22.455734,2024-12-10T14:23:51.472261
66275,13162|28735|64064|30555|43096,2023-09-04T08:19:29.689216,2024-09-26T01:25:03.209299
67234,30082|64701|3498|19570|72371,2023-05-10T19:54:46.246333,2023-05-19T01:54:07.985454
24949,79115|81158|39752|41544|2373,2023-12-21T06:46:44.624014,2024-03-11T12:09:58.087416
79472,39337|11855|64198|97835|21236,2024-10-23T13:38:40.648210,2024-12-22T03:52:01.991340
66336,91410|65864|44925|19570|72797,2023-04-20T13:41:55.194396,2023-07-12T09:30:54.008036
20911,33665|82256|91543|66144|2373,2024-08-05T15:13:16.580942,2024-09-28T06:42:26.583140
55796,37377|6145|88434|50666|20245,2023-09-28T02:24:58.540107,2023-10-20T12:07:50.871923
50503,53311|24393|52428|93363|47470,2024-11-23T07:10:11.438955,2024-12-26T15:18:31.025102
49484,52861|62698|18622|70437|67804,2023-06-29T01:57:02.383384,2023-11-04T15:58:04.674804
58466,12262|52197|34313|67211|39149,2023-05-13T14:58:49.094352,2024-08-20T08:05:17.652559
74003,31101|97835|82035|39671|15337,2024-12-02T01:45:34.447168,2025-01-03T03:55:15.346404
68592,7500|62831|53481|37614|38744,2024-08-24T19:45:09.630133,2024-11-29T09:57:07.834713
79550,1285|55212|41544|93405|76626,2024-05-12T15:06:31.721868,2024-09-11T15:47:08.582503
68410,80123|28572|33215|33101|68857,2023-06-01T18:53:56.517328,2024-08-11T15:12:02.223848
47333,55236|4218|51067|51198|3778,2023-05-24T17:14:16.492368,2023-08-14T06:39:35.961528
8449,37625|28393|70098|1638|88926,2024-06-21T06:04:23.858383,2024-06-23T10:06:48.631320
24403,6789|74710|26091|62128|31385,2023-04-26T09:49:39.496990,2024-05-21T01:08:25.426057
21376,32848|45360|53511|24362|25704,2024-03-08T15:52:28.311338,2024-09-28T14:26:59.543617
77914,44550|33988|11084|8678|28506,2023-09-04T04:27:00.970304,2023-12-04T18:33:59.330955
46316,53311|53481|11967|70899|95435,2023-06-20T11:57:36.342485,2024-12-26T14:44:00.875206
95715,59351|10159|83807|19869|17115,2023-11-22T12:10:00.090191,2024-10-08T02:52:43.724418
93869,62326|58177|19289|9880|55153,2024-06-04T09:23:25.816393,2024-11-11T02:16:46.893792
55483,76589|62720|76626|65988|82878,2023-02-14T14:47:39.787698,2024-12-30T04:15:43.388973
84429,51625|87341|12420|30225|53367,2024-01-30T07:46:35.118152,2024-03-10T17:16:46.482514
40841,74662|17976|86637|65184|39752,2023-02-25T20:33:48.165404,2023-11-25T00:50:10.684097
29785,49273|42726|3196|84859|60935,2024-10-14T16:43:24.038459,2025-01-20T00:12:14.838107
85621,80618|62023|61307|18442|62698,2024-06-08T17:37:16.262382,2024-07-18T05:28:24.793196
31566,33031|17765|2686|1285|23052,2023-05-25T13:53:35.579694,2023-12-28T02:10:02.639464
67747,84002|97199|73107|45226|26091,2025-01-12T09:20:48.926106,2025-01-20T06:45:57.275357
59777,78554|32600|87968|2967|3498,2023-05-02T17:48:46.954138,2023-08-13T07:29:39.302789
92947,65220|98912|11521|50186|52861,2024-12-17T09:47:14.104234,2025-01-21T12:51:03.019050
22366,39986|8132|5419|82056|52197,2023-08-14T22:36:07.335357,2024-07-23T13:25:57.349571
46167,89909|55842|80577|84161|19116,2025-01-14T06:54:53.036640,2025-01-16T16:55:25.149755
88583,76125|95215|90734|62720|77081,2024-06-19T10:05:43.779929,2024-08-28T12:59:16.579622
70832,89909|68332|19476|82878|68819,2024-10-11T11:51:41.366939,2024-11-24T13:32:09.925496
26931,78554|39976|54166|90180|96222,2023-04-11T18:10:41.119449,2023-08-02T11:07:28.629107
9043,89312|42117|75839|37377|83190,2024-11-14T01:51:21.127264,2025-01-21T06:43:58.042349
72169,52861|32976|20881|87847|18176,2023-07-27T10:03:07.445375,2024-03-16T07:47:07.313319
96647,11014|95224|38278|82863|79922,2023-08-13T10:00:24.635488,2024-01-25T19:35:57.184797
28298,83624|16923|61777|53311|60194,2023-09-14T00:50:52.562465,2023-11-16T15:55:54.233492
45047,18176|91653|61138|11026|35010,2023-09-08T21:04:55.108703,2024-12-03T12:09:04.126403
67186,96678|13155|35358|67941|31341,2024-09-21T19:24:04.476543,2024-12-30T15:06:22.375974
743,24539|5996|27381|10333|91543,2023-04-17T06:29:16.796854,2023-10-03T15:33:46.860064
72342,37246|6052|55112|48137|78157,2024-10-24T17:53:02.957546,2024-12-15T15:51:12.614682
72000,11816|76768|37107|53195|9613,2024-04-24T05:31:20.802792,2024-11-06T02:59:55.957974
12874,93939|96678|19656|26140|65529,2024-09-28T18:38:56.636530,2024-10-22T06:23:39.159742
20250,10905|31090|26958|32924|1638,2023-11-29T08:01:24.876003,2024-03-14T01:32:49.365100
11824,45347|20400|47470|36797|16186,2024-07-12T23:07:29.596818,2024-09-29T06:25:35.142796
97006,39319|86503|84489|28735|13162,2023-07-07T01:07:19.384987,2024-03-15T08:03:37.574953
33123,9205|41719|35010|50666|78501,2023-09-12T18:26:49.474713,2024-04-17T04:08:42.582893
35330,44894|95215|51551|95435|48083,2023-05-21T12:10:39.734054,2024-10-12T21:23:48.674268
95621,25843|65864|19864|43623|87341,2024-06-02T08:29:55.261618,2024-06-26T22:42:47.208412
93809,26958|95284|86365|42655|52167,2024-05-03T10:10:04.699564,2024-11-24T15:33:31.015227
97293,96222|42992|33260|13934|99480,2023-10-16T02:32:37.625811,2024-08-06T07:55:45.004904
95865,61228|28444|41719|70899|90625,2024-07-06T23:05:56.505550,2024-08-14T07:51:46.400671
24487,28367|86207|94063|20330|83828,2024-03-05T04:26:08.440186,2024-09-23T10:31:31.731049
61178,1515|28121|47743|69954|53769,2024-05-06T18:05:10.541854,2024-05-25T03:09:04.748275
67464,53713|16078|96874|53481|13109,2024-02-09T07:05:55.391816,2024-07-26T08:34:46.138346
88271,10445|39986|65848|15888|99818,2023-05-18T08:00:40.146267,2023-05-27T06:09:52.149260
33330,52704|19476|35036|58177|61138,2023-03-01T05:13:47.053044,2024-09-01T04:47:38.766727
81854,55112|16261|37962|80880|50186,2024-05-19T08:38:40.744196,2024-05-27T04:01:16.303138
27988,48702|87596|40243|11014|94188,2024-08-04T20:37:02.468531,2024-09-28T21:13:43.048668
14693,76626|52883|51067|55598|3149,2023-11-03T20:07:00.272160,2024-09-06T01:41:40.664221
39663,95530|96678|46359|63853|19570,2023-06-25T15:27:45.266095,2024-10-08T11:18:21.105787
78593,9205|87968|3293|62575|34973,2023-04-18T22:36:27.376942,2024-03-14T16:21:17.161302
34700,3716|77081|16903|16923|3149,2023-06-29T11:27:51.842836,2024-08-18T20:28:49.861836
94998,55812|85428|19656|31090|83624,2023-04-24T22:24:22.078498,2024-05-12T10:49:43.482102
87157,27381|47180|37470|19294|30225,2024-07-14T09:06:45.601264,2025-01-06T06:26:27.722315
30704,58948|50740|68043|79470|30400,2024-01-26T10:07:17.697338,2024-05-16T04:31:51.899367
77639,6052|70098|1742|78346|15337,2024-11-18T01:03:32.163733,2025-01-11T07:50:05.858793
77297,33031|1255|42099|40700|37246,2023-02-04T02:44:34.857382,2023-05-12T04:20:11.725201
57372,70818|52167|3196|30225|83178,2024-03-30T14:20:09.418620,2024-11-16T07:03:54.913366
40596,73957|66144|1742|57158|55633,2024-02-13T18:28:17.148019,2024-05-20T03:48:33.010588
97999,21854|94030|63378|12751|97524,2024-01-01T05:28:17.923992,2024-04-06T03:15:12.157279
85861,72071|56381|63532|19656|26917,2023-03-11T12:46:14.088902,2025-01-06T09:10:01.704449
66929,91653|97950|20905|51982|1210,2024-03-30T17:41:11.230412,2024-12-31T19:15:10.731436
61074,74710|16602|91611|25610|25408,2024-03-08T22:00:28.346395,2024-08-24T20:56:18.046937
45104,2484|7245|77446|85477|42978,2024-09-16T18:03:45.880869,2024-12-26T18:29:51.154416
70817,96353|65849|53356|91611|38666,2024-04-14T00:19:10.648337,2024-11-16T16:39:08.395318
83743,44906|41751|26921|95620|68467,2024-09-25T06:36:24.038643,2024-10-29T14:39:27.228278
9899,57031|36183|26634|53834|73598,2024-11-19T10:52:23.391491,2025-01-18T17:07:44.543361
21121,50985|20056|26169|86503|30744,2024-07-12T15:47:38.824216,2024-12-10T15:33:49.465453
37494,3232|13934|80491|55381|68274,2024-11-01T22:35:36.615648,2025-01-13T13:03:23.096064
64568,40700|90180|68043|34887|6905,2024-01-13T03:48:57.366303,2024-03-05T08:05:12.428485
56089,9482|38278|43302|53195|46683,2023-10-16T05:27:44.795934,2024-03-06T13:27:13.127732
71713,29890|76768|3498|20905|56444,2023-06-06T15:00:23.198014,2024-04-26T06:23:14.800112
88153,48959|87757|49829|37418|55633,2024-11-09T13:30:37.507174,2025-01-08T08:14:55.002896
45470,27797|80796|94188|58496|96353,2023-07-15T08:51:20.026313,2023-09-26T08:37:45.498358
64019,29650|10676|24221|38278|22860,2024-01-10T12:43:41.387897,2024-06-26T04:13:26.861272
26802,75146|7967|79553|35958|85288,2023-02-19T01:34:52.574640,2023-04-21T12:26:46.789361
2941,43302|7584|80615|40094|7848,2023-09-12T12:00:41.061762,2024-12-06T03:23:54.363897
16102,58948|78622|9482|55633|18677,2023-02-01T01:53:44.176723,2023-09-21T00:10:03.266274
86133,67941|1425|77446|79128|42099,2024-09-24T23:59:39.401580,2025-01-08T09:01:17.664510
61026,85079|62831|37962|91410|33761,2023-03-02T16:46:29.116252,2023-09-11T14:07:13.580057
19886,53161|96678|76665|7952|4977,2024-07-13T12:56:51.337384,2024-12-16T03:21:04.339392
4207,13368|84526|81176|37962|65184,2023-12-08T18:50:39.295295,2023-12-26T03:01:16.708832
32221,650|44550|30225|78501|43302,2024-12-17T03:17:49.213207,2024-12-25T00:16:13.979289
49963,50449|5801|23147|52795|15337,2023-11-07T07:58:24.469307,2024-11-11T05:57:06.442481
86902,77711|79361|88766|13177|6789,2023-09-23T19:17:14.238883,2024-11-08T09:56:38.143663
38683,9234|50845|7584|45692|68819,2023-02-26T15:22:17.044244,2023-11-05T05:19:30.505957
27128,58042|85546|4861|14411|12793,2023-12-09T23:15:05.624528,2025-01-10T15:10:01.553227
97383,3119|41765|13094|43096|1545,2024-04-09T21:57:24.131622,2024-10-18T19:48:43.529443
33151,66827|12793|54166|84906|25704,2024-05-10T12:33:25.084536,2024-07-05T00:13:25.832945
78525,57158|90734|63532|28735|65848,2023-02-11T11:04:44.052270,2024-05-31T19:29:03.105484
53820,41872|96678|30744|94063|9469,2024-02-17T05:02:47.746461,2024-05-12T05:03:23.573366
2235,35686|51625|56381|10429|12420,2023-10-11T21:35:08.503693,2024-08-30T06:46:53.203212
73780,13378|81219|16903|45332|84526,2024-01-09T19:57:47.770846,2024-06-08T17:22:44.670192
41481,49153|81219|35010|76437|4977,2023-07-29T11:23:10.435879,2024-03-24T18:22:58.147066
28914,79115|11026|81219|56302|59043,2024-09-09T12:40:22.181587,2024-11-27T17:46:26.319389
19175,51473|98593|6704|73107|86637,2024-05-12T13:04:06.500610,2024-08-31T09:35:36.181539
71977,18593|70402|44550|47533|81176,2023-08-04T12:12:43.113100,2023-08-20T20:11:45.037926
34530,82035|89020|54457|41154|28367,2024-11-27T00:00:31.139772,2025-01-03T00:14:54.858966
24032,97835|91977|81956|63987|5815,2023-08-22T02:58:52.320594,2024-01-29T14:26:45.255655
31092,78306|31135|18774|61228|6977,2023-03-22T09:17:06.650361,2024-11-16T09:53:09.205009
16426,55598|31341|38586|72562|22913,2024-04-28T12:46:17.177179,2024-08-10T13:09:25.870731
96362,31890|61307|60077|48265|76331,2024-06-10T11:49:40.340289,2024-07-27T22:58:46.913763
22775,85079|10905|37545|42292|9880,2024-07-16T16:20:27.518337,2024-12-03T07:19:25.983022
74130,6905|56302|44639|16261|60935,2023-04-19T01:14:59.229818,2024-10-23T01:55:30.083298
85012,85947|46683|85546|99818|51625,2024-03-24T11:26:15.098698,2024-04-26T21:03:55.154038
47706,94063|3232|83752|20966|10445,2024-11-02T13:23:44.320381,2024-11-17T23:11:51.245579
14258,57031|14472|51551|48570|50186,2023-02-18T00:24:47.573347,2023-12-11T11:35:04.451459
13419,24393|19869|8930|6773|2686,2023-09-11T09:06:15.727664,2024-04-14T23:37:23.068159
73349,49700|73107|81325|53195|53367,2023-10-27T02:41:57.967972,2025-01-10T19:17:26.228530
4472,81325|37246|13094|73829|52883,2023-08-05T07:53:24.855808,2023-08-19T14:36:16.496409
21877,51749|33215|84695|28506|18593,2023-02-14T00:38:17.066283,2024-07-11T09:57:23.287986
15884,60077|71476|64198|4977|87248,2023-05-25T06:16:40.994554,2024-02-04T23:36:09.815061
44576,22998|22517|17976|64198|32727,2024-12-29T19:54:12.865828,2025-01-08T15:39:35.004102
58267,77446|97552|2628|7245|65529,2023-08-24T12:39:22.454751,2024-09-14T01:24:23.683173
33458,69132|53481|3293|37065|96353,2024-02-12T08:27:35.430299,2024-07-04T19:41:47.428186
13244,92408|67941|58177|45692|40615,2024-05-08T19:40:42.617612,2024-08-29T02:04:35.904313
54353,62720|99818|27797|48959|49427,2024-02-17T13:00:03.611412,2024-09-02T04:59:54.170796
47404,7848|41376|46106|73449|91503,2023-07-06T17:05:32.493521,2023-12-17T06:47:12.662050
94819,45860|72562|901|7259|78306,2023-04-10T00:54:12.401006,2023-10-14T02:37:04.354690
972,83807|91543|29572|84906|45860,2023-06-12T23:04:47.474490,2024-06-10T15:53:34.591690
59651,36245|73596|29301|66577|12136,2023-07-26T02:43:52.253235,2024-08-29T01:34:47.957682
66668,87637|87281|84859|64440|73829,2024-07-10T21:16:18.374232,2024-12-07T06:58:01.293673
3810,68043|28103|94843|42992|3232,2023-09-01T21:58:25.189077,2024-07-25T15:17:36.842799
17063,8971|66384|80174|27500|83776,2023-12-06T10:03:20.632712,2024-03-31T04:18:24.054093
16737,62575|11492|98912|29361|83828,2023-12-30T01:15:20.310081,2024-01-12T17:43:03.539181
478,87813|23052|25408|47743|62698,2023-11-12T01:46:07.411795,2024-11-06T03:40:49.757793
98874,93939|55566|30696|9315|21854,2023-08-25T10:37:27.600729,2024-03-30T03:06:58.474889
39043,38152|74201|78505|77081|97950,2024-01-17T09:04:07.312750,2024-11-07T00:13:52.158197
44303,15089|45692|19476|45004|55153,2023-06-24T23:54:00.703303,2024-07-14T16:44:45.592800
29263,80880|81325|91410|62326|78230,2024-03-24T21:59:46.134824,2024-07-20T09:42:05.305316
15565,82256|49885|7434|38666|58496,2023-08-22T11:38:24.564845,2024-03-04T04:24:24.665565
72525,65478|8971|39319|26140|46359,2024-07-01T01:59:18.992270,2024-07-30T09:17:08.052635
27998,53157|26721|8132|41780|11855,2023-09-17T20:14:37.103888,2024-07-22T06:42:16.705226
35738,80710|19068|78554|72797|39936,2025-01-01T22:39:37.678413,2025-01-03T18:51:58.784805
80425,40061|10933|85288|80360|52197,2024-12-18T03:22:01.468747,2025-01-09T21:14:25.792576
32506,16406|45860|42001|81463|53860,2024-09-17T13:01:34.292988,2024-11-17T14:15:22.005913
52719,44338|99294|98593|27500|51300,2024-05-26T00:15:47.311584,2024-07-31T09:18:30.909336
25125,65529|34313|17436|78501|39022,2023-12-17T15:43:27.531131,2024-12-15T05:37:57.201247
31083,30794|30555|52326|24879|20961,2024-02-09T19:25:10.841973,2024-05-23T16:45:48.077179
35562,68274|32631|3716|1515|33053,2023-03-09T11:19:52.110058,2024-01-03T14:48:59.071091
94751,45959|62716|19864|4855|80174,2023-12-01T01:32:08.145730,2024-05-01T21:25:19.858706
86644,26734|86333|99633|10525|94806,2024-01-25T11:51:53.422512,2024-05-29T04:10:06.965076
20755,24324|62440|5378|98296|49427,2023-08-31T14:30:34.604507,2024-07-15T22:58:45.863661
78080,94063|69712|73505|12751|73107,2024-08-04T05:52:59.826908,2024-12-19T12:34:58.710751
11254,369|66802|96471|91503|19476,2023-03-11T02:46:33.526016,2023-11-25T16:10:00.779180
67662,32727|7216|21649|20881|92484,2023-08-30T15:53:17.856401,2024-06-09T18:39:32.651516
62251,9482|89909|73107|45648|60138,2023-06-06T13:10:46.095971,2024-02-20T06:59:04.174483
43078,53985|96471|2141|86637|28876,2023-07-30T23:55:19.565145,2024-03-22T17:10:55.879001
11431,79921|48137|426|68043|76088,2024-06-18T16:52:18.787046,2024-12-26T22:08:06.446432
87058,66384|55842|21649|30400|34313,2023-06-03T14:55:58.241551,2024-04-03T04:44:29.124572
81099,60138|90625|20961|19066|31341,2023-06-24T14:52:00.424110,2024-01-12T14:19:04.502049
52607,63532|3798|54166|94227|19474,2023-09-30T09:49:14.055704,2024-11-08T16:33:23.544601
10383,32631|17436|9234|84878|5419,2024-01-17T18:24:08.953987,2024-04-20T17:46:32.104174
80283,7886|20245|45004|71476|82679,2024-03-19T15:09:01.853496,2024-09-04T11:24:27.718291
53654,11967|75404|64064|61307|19066,2024-08-24T18:35:15.831383,2024-12-13T02:06:03.377653
12494,91457|12339|16261|80850|85477,2024-02-17T23:15:47.313129,2024-04-24T03:34:35.783776
1302,24692|32600|13162|44906|31341,2023-05-28T14:57:06.774707,2023-11-08T14:17:23.258515
39823,88766|19066|39671|15868|24221,2023-12-10T15:47:40.983101,2024-06-25T13:07:19.423106
93742,18176|73962|20869|76794|90180,2023-12-03T20:05:28.689650,2023-12-18T10:21:07.226997
17339,58496|13109|91611|3232|93718,2023-07-02T04:06:43.083381,2024-10-27T09:21:27.427986
93343,84161|82097|6905|11967|18265,2024-08-18T07:20:21.842582,2024-08-26T10:48:14.600059
90022,70437|91543|75839|72797|29361,2023-06-23T01:40:01.502514,2024-05-13T19:40:57.393421
50907,19864|37193|27255|89864|60077,2024-09-06T07:14:43.436473,2024-11-30T01:16:26.043272
95299,28506|69132|50666|10584|87248,2023-06-15T19:58:11.101753,2024-12-18T20:06:45.973367
44381,39976|68332|1459|31658|53106,2023-05-14T13:42:30.766964,2023-07-27T14:26:13.985379
65618,39671|50449|99811|14563|39490,2024-09-24T09:31:14.757824,2024-11-02T12:30:43.329800
25248,45622|12420|40188|76768|58177,2024-05-07T22:12:18.624349,2024-12-19T02:23:17.950533
36371,68789|65916|89864|63467|75588,2024-03-09T17:14:37.558022,2024-03-12T06:34:42.646902
14697,29732|25610|76088|33470|25622,2023-10-03T09:29:37.571151,2023-12-04T09:53:34.655773
73145,92922|72371|14452|86812|55153,2024-01-21T02:13:21.670560,2025-01-25T01:30:48.445966
87397,78342|6481|24879|53195|34930,2024-03-27T13:31:11.870285,2024-08-18T09:58:27.491604
18741,92787|94188|51749|68467|56796,2023-10-22T14:37:19.225762,2024-04-11T22:53:55.849995
83293,61957|7445|8071|21236|39149,2023-11-18T05:25:08.492277,2024-08-31T04:20:36.550189
66530,96222|68467|22517|54457|71232,2024-10-05T15:12:14.436865,2024-12-12T08:41:33.996053
69709,80710|174|49780|42978|4129,2024-05-12T10:29:07.243802,2024-11-22T01:08:18.096440
39808,19474|3119|13934|26091|51473,2023-12-23T07:56:55.263052,2024-03-04T12:59:17.131384
26005,80917|1515|52704|14411|50463,2023-03-22T14:25:35.817769,2023-05-16T04:34:32.684685
56315,21236|92987|97835|7584|47470,2024-12-17T20:38:30.512881,2025-01-04T22:10:01.372947
98811,10730|19570|72371|78157|54166,2023-07-22T07:19:40.243923,2024-11-18T02:57:28.356755
65360,10159|20400|53860|73631|59221,2024-08-22T20:20:16.611526,2024-12-14T19:09:07.117423
69814,98912|28506|83752|6905|4243,2024-05-27T21:02:40.147101,2024-12-29T19:48:11.914775
36328,3232|87341|39630|74452|95435,2023-07-18T22:23:38.722482,2024-08-01T23:52:44.380875
37468,87968|36299|39490|82878|70437,2024-09-24T04:40:22.204621,2024-12-05T23:59:03.819206
96144,27809|61228|29733|80618|26958,2023-02-03T21:37:41.456843,2024-06-05T21:51:05.013954
79960,18176|67941|19656|95269|70758,2023-09-05T10:44:30.291152,2024-03-11T10:45:47.548138
67508,30045|69954|47470|48993|85947,2023-05-12T00:36:08.718548,2024-04-04T18:29:24.397105
12046,25843|23771|69954|80511|7216,2024-08-26T14:01:36.381712,2024-10-25T14:29:19.593976
77158,41713|58228|80491|64447|10676,2024-06-29T07:31:04.905459,2024-07-26T07:44:55.939792
42202,53157|6049|42992|6977|63467,2023-11-16T00:05:48.225762,2024-10-28T19:37:48.222950
34375,78554|87248|24362|13109|55212,2023-05-26T22:48:06.977791,2024-03-13T20:22:09.536134
23296,9205|22517|3605|40061|79584,2024-12-31T17:33:19.371477,2025-01-01T05:17:16.746803
21022,41719|1285|86637|65815|9232,2023-02-06T03:49:45.955890,2023-09-11T18:46:08.974784
34325,52861|34322|91575|87847|72889,2023-04-02T01:40:08.990071,2024-06-12T05:16:20.668191
53816,37545|70223|64440|6789|78266,2023-04-13T05:27:04.220716,2024-04-26T19:18:16.163468
27413,42099|84702|14707|46106|2237,2024-12-26T05:13:37.570096,2025-01-07T00:37:32.533251
15620,81956|59163|68274|65220|98495,2024-12-19T23:03:42.243373,2025-01-20T02:47:13.887969
79422,53311|51749|52861|63148|9234,2023-12-13T10:20:52.348590,2024-04-21T09:01:15.868011
47149,60935|37614|81158|1093|47071,2024-05-02T17:29:46.452146,2024-06-08T06:01:19.412722
12919,43096|73829|30728|14372|22913,2024-12-28T00:23:56.501830,2025-01-21T02:52:06.062279
28942,30990|28606|38666|11816|57483,2024-01-11T15:07:21.238478,2024-01-24T07:54:30.567832
75288,42099|47743|22662|40210|86503,2023-05-25T04:39:49.272944,2024-01-20T01:07:31.164340
63566,15296|37890|88446|6883|12793,2024-03-24T14:23:05.495989,2024-10-27T15:25:38.466395
73715,13378|37470|32727|1545|9482,2023-06-08T20:34:54.725462,2024-06-29T21:21:53.923405
98643,73449|17995|76125|20869|16406,2024-04-27T07:28:59.687645,2024-10-31T23:04:24.452610
71909,41719|71476|99766|94806|45226,2024-03-30T03:54:46.615127,2024-11-23T22:42:44.280984
15106,60138|1742|53356|28572|11697,2024-12-05T12:25:21.658371,2024-12-21T05:53:02.904202
74464,53940|42726|44362|68274|20881,2023-07-24T22:24:58.848996,2024-11-01T09:32:20.555362
50779,10933|3498|901|92922|85477,2023-10-16T23:43:59.369402,2024-02-14T04:15:10.844377
17406,41231|46153|74147|76768|65529,2023-03-12T17:50:08.547935,2024-01-12T12:55:07.171638
11328,12312|39319|76626|45004|58497,2023-05-26T13:58:36.856428,2024-08-26T11:26:00.389424
60640,8071|23052|30728|37065|53161,2024-09-18T00:06:01.296671,2024-10-23T07:52:05.420602
6774,51355|32848|9205|6145|6052,2025-01-03T13:35:41.046679,2025-01-12T09:37:02.126848
26964,53834|85546|13961|27839|63378,2024-03-30T10:41:17.769259,2024-08-20T09:36:26.837695
50468,58204|89909|29829|27564|3605,2024-02-09T09:06:09.819870,2024-08-24T16:45:44.587522
82033,27797|55598|2686|22093|82679,2023-06-06T21:51:57.829288,2024-09-12T00:50:37.079543
84655,83776|15296|95620|39149|1515,2024-09-26T11:34:38.177299,2024-11-21T23:09:14.364645
45752,95284|12262|33260|42996|57158,2023-10-02T19:07:08.155416,2023-12-09T16:50:42.083133
34614,25843|21854|24539|17436|1416,2024-11-16T15:54:42.081617,2024-11-24T19:10:33.371731
