user_id,items,created_at,updated_at
27,"[57280, 80366, 64858, 87918, 41553]",2024-03-06 02:55:30,2024-04-20 15:59:53
299,"[93248, 12781, 59442, 32448, 86865]",2024-05-16 03:29:09,2024-08-28 17:30:39
410,"[68611, 41338, 33503, 22273, 72766]",2023-06-15 10:25:35,2023-10-26 04:38:06
427,"[89236, 75044, 3663, 7915, 44233]",2023-11-08 22:30:12,2024-05-27 06:34:29
632,"[24951, 35628, 29211, 31318, 83814]",2024-07-14 02:56:25,2024-09-01 22:39:24
960,"[23548, 61623, 1134, 92227, 52049]",2024-01-23 04:52:40,2024-06-15 11:20:08
1048,"[86865, 33391, 14713, 56175, 97426]",2024-04-08 12:49:57,2024-11-15 21:47:54
1338,"[82200, 99396, 51765, 37895, 25457]",2024-01-03 13:46:10,2024-02-25 03:23:01
1459,"[69749, 16165, 42060, 52066, 24962]",2024-11-07 04:33:24,2024-11-14 11:23:20
1543,"[25457, 67176, 30385, 64669, 91868]",2023-08-29 07:41:09,2024-11-16 17:21:23
1681,"[35007, 23548, 57610, 52007, 14815]",2024-06-08 22:23:03,2024-06-28 02:10:06
1887,"[20967, 49935, 51547, 99452, 97799]",2023-12-27 21:44:04,2024-04-26 06:35:44
1905,"[27924, 4124, 78527, 32527, 66960]",2023-10-10 22:18:16,2024-01-03 11:16:05
1909,"[86801, 33601, 31871, 24296, 86515]",2023-11-08 08:57:27,2024-09-01 11:55:51
2051,"[53969, 85782, 96643, 42534, 49415]",2023-04-04 12:46:12,2023-10-20 17:31:16
2068,"[85626, 87950, 47893, 95012, 22273]",2023-08-24 17:08:24,2024-10-03 17:43:22
2078,"[33437, 36684, 39036, 33403, 87918]",2023-09-02 01:17:32,2024-08-25 22:49:06
2084,"[45766, 26652, 26888, 92745, 5986]",2024-06-15 23:54:35,2024-10-19 09:06:32
2192,"[73149, 95769, 74979, 29344, 24748]",2024-03-26 13:48:45,2024-11-18 11:24:30
2216,"[77755, 60100, 35097, 34894, 41856]",2024-06-17 09:59:35,2024-08-09 04:03:40
2269,"[90917, 31318, 37851, 44391, 31971]",2023-02-21 03:38:26,2024-01-06 08:09:30
2553,"[10435, 29769, 32047, 79154, 30768]",2024-03-14 23:59:21,2024-07-09 09:40:29
2726,"[22530, 99983, 24777, 1222, 31427]",2023-01-08 19:52:32,2023-02-10 19:13:22
2729,"[93381, 19836, 51725, 77490, 78359]",2023-03-02 16:01:25,2023-04-15 19:03:23
2895,"[32666, 82975, 63171, 53335, 39768]",2024-01-01 06:35:57,2024-01-08 03:37:12
2924,"[25839, 39697, 37228, 24296, 44233]",2024-02-21 10:52:06,2024-06-07 15:01:08
2962,"[31971, 22530, 57488, 28883, 96157]",2022-11-30 03:18:38,2024-05-15 19:15:43
3184,"[28311, 38299, 4986, 66408, 51862]",2023-01-15 14:26:45,2024-09-22 00:31:21
3375,"[62580, 14504, 80763, 73990, 64369]",2024-02-28 01:00:42,2024-11-21 15:43:50
3609,"[94607, 39803, 7055, 95661, 28069]",2023-09-12 07:40:12,2023-12-04 00:40:39
3668,"[93634, 22509, 7926, 33503, 89082]",2024-09-21 10:34:01,2024-10-04 14:50:05
3699,"[34194, 716, 67305, 73300, 23624]",2024-09-19 10:51:03,2024-11-15 12:28:13
4072,"[69134, 44004, 308, 96494, 52772]",2024-01-28 05:19:45,2024-06-05 07:45:24
4139,"[99396, 55950, 24195, 64369, 24236]",2023-10-13 01:18:35,2024-01-05 17:50:12
4284,"[12004, 85626, 33503, 15548, 72022]",2023-10-31 21:13:46,2024-10-30 20:57:24
4375,"[39803, 89247, 8842, 72420, 83823]",2023-10-28 12:14:29,2023-11-27 18:36:48
4445,"[6282, 95680, 23051, 54788, 23374]",2024-02-06 09:04:32,2024-10-13 23:44:27
4496,"[69726, 98162, 42813, 56072, 32448]",2023-02-12 19:47:05,2024-07-20 21:01:41
4585,"[95769, 35627, 46337, 88818, 93634]",2024-03-15 16:25:21,2024-08-14 11:53:24
4611,"[70520, 37823, 98766, 23383, 54062]",2023-10-02 00:04:19,2023-11-11 14:54:32
4628,"[85347, 45301, 30251, 89033, 6645]",2023-05-01 10:55:28,2024-11-06 20:47:38
4672,"[48948, 11105, 16698, 76368, 2498]",2023-11-01 19:11:53,2023-12-18 13:28:23
4722,"[7926, 71772, 5387, 63919, 59413]",2023-09-30 05:22:34,2024-05-27 11:00:25
4980,"[25132, 26920, 91030, 67305, 90203]",2023-06-27 10:47:57,2024-02-09 21:00:21
5140,"[61186, 5035, 26327, 93112, 92542]",2023-02-12 02:27:04,2024-08-10 14:10:26
5162,"[46060, 294, 6125, 3181, 33437]",2023-11-01 18:18:08,2024-05-26 04:25:04
5196,"[12004, 24484, 87762, 98857, 46095]",2023-04-14 15:55:32,2023-08-28 21:33:27
5217,"[16582, 33391, 54898, 35512, 50665]",2023-11-10 20:02:44,2024-05-29 17:11:23
5302,"[80763, 53175, 7092, 48160, 31950]",2024-05-29 06:31:24,2024-10-06 13:48:12
5306,"[96519, 14834, 99396, 67057, 7810]",2024-02-28 19:41:35,2024-03-04 09:29:50
5363,"[3433, 53270, 90320, 39697, 69932]",2024-03-27 02:48:00,2024-07-20 22:20:02
5448,"[6645, 43186, 90203, 53017, 29769]",2024-10-04 07:36:12,2024-10-16 08:34:48
5479,"[84103, 41398, 15087, 71946, 44158]",2023-05-24 23:19:44,2024-03-23 10:23:25
5746,"[26327, 94430, 11029, 35148, 73206]",2024-08-06 13:00:42,2024-09-13 18:57:50
5769,"[19633, 7926, 42534, 16272, 69217]",2024-08-30 06:44:07,2024-09-05 09:56:21
5778,"[80990, 89656, 69678, 92792, 5035]",2023-11-14 06:53:12,2024-04-24 07:22:42
5884,"[40968, 90550, 30251, 24777, 41398]",2023-05-19 13:25:38,2023-05-30 12:14:46
5913,"[52917, 24042, 51034, 81804, 12863]",2024-07-21 09:22:43,2024-09-05 08:32:44
5993,"[24195, 73124, 43352, 50665, 18272]",2023-04-18 18:32:50,2024-10-12 18:34:33
5999,"[62516, 76473, 42041, 86670, 12256]",2024-03-15 17:54:35,2024-09-01 23:42:59
6052,"[55678, 34111, 45780, 34894, 18083]",2023-02-15 09:18:33,2024-05-10 13:36:02
6075,"[45301, 94251, 3181, 40681, 23624]",2024-06-21 06:26:16,2024-07-11 23:41:59
6143,"[34072, 33503, 21910, 31642, 42014]",2024-10-15 07:15:08,2024-10-24 15:49:20
6146,"[99069, 58385, 15548, 37, 6638]",2024-05-14 12:17:57,2024-07-13 09:58:27
6193,"[32781, 57920, 38387, 58739, 28944]",2024-06-25 09:39:57,2024-08-01 20:24:52
6232,"[6316, 75044, 65440, 56388, 87950]",2023-06-14 07:18:50,2023-08-07 10:22:08
6269,"[43426, 31040, 69678, 33391, 18272]",2022-11-30 22:24:52,2023-04-24 02:40:28
6335,"[18083, 93614, 96079, 43194, 48]",2024-07-22 04:04:31,2024-11-04 03:49:36
6714,"[32781, 78861, 6755, 74979, 92675]",2023-05-26 00:54:26,2023-10-18 20:12:05
6749,"[91110, 9255, 69726, 34013, 70520]",2024-08-05 02:26:49,2024-09-06 19:27:07
6776,"[8806, 51215, 85076, 92550, 68020]",2022-12-23 13:44:15,2024-11-22 01:16:34
6785,"[18083, 6755, 96295, 32781, 98789]",2023-05-16 16:01:08,2024-01-25 09:19:59
6803,"[81561, 83209, 78458, 30348, 98635]",2024-09-18 16:02:35,2024-10-16 11:00:08
6872,"[37851, 45301, 23383, 30251, 8842]",2024-03-20 16:46:16,2024-06-02 12:05:38
7094,"[58242, 82273, 19873, 8886, 38637]",2024-08-20 06:38:04,2024-11-06 10:33:30
7236,"[35628, 19641, 806, 51765, 58242]",2023-10-09 06:38:16,2024-06-17 02:33:24
7600,"[71946, 61063, 1442, 95595, 6638]",2023-06-15 01:15:51,2024-01-24 16:55:17
7744,"[52790, 24777, 8806, 85347, 29746]",2023-11-10 17:16:35,2024-01-08 11:59:02
8058,"[98174, 15376, 26244, 17679, 66617]",2023-05-11 04:00:52,2024-07-10 22:35:58
8180,"[78861, 51034, 52188, 38387, 69005]",2024-01-31 14:15:11,2024-05-14 02:52:49
8186,"[99069, 23374, 68889, 30385, 308]",2023-01-10 09:24:17,2023-07-04 14:21:49
8291,"[80763, 54970, 78527, 59757, 76473]",2023-05-17 21:44:06,2024-11-12 16:36:08
8363,"[31299, 49845, 1219, 13812, 91599]",2023-01-10 18:24:07,2024-10-02 22:40:11
8376,"[65915, 80763, 37823, 42496, 4279]",2023-12-13 00:01:20,2024-08-11 02:27:53
9003,"[42995, 26244, 18272, 25327, 6604]",2023-04-30 15:27:10,2024-03-29 01:54:32
9007,"[31052, 18083, 65356, 72260, 93634]",2023-09-14 22:05:53,2023-10-14 20:02:39
9050,"[85524, 10533, 41398, 99452, 67305]",2023-02-03 10:39:00,2023-09-08 14:57:39
9119,"[64858, 54716, 64347, 47390, 54062]",2024-04-01 11:09:14,2024-10-29 17:40:43
9159,"[5316, 69678, 51054, 27256, 51862]",2023-03-31 07:08:55,2024-06-25 13:46:33
9273,"[49635, 1056, 61063, 89082, 34072]",2023-11-23 06:23:51,2024-03-10 14:13:22
9420,"[46060, 51054, 80990, 64117, 96500]",2024-02-24 22:13:20,2024-03-11 01:35:09
9481,"[93112, 45780, 53321, 77070, 88818]",2024-09-29 01:19:15,2024-10-10 20:15:02
9560,"[97799, 62580, 19302, 62567, 54813]",2024-06-28 20:47:55,2024-11-21 12:27:33
9581,"[47826, 12863, 83225, 98747, 53335]",2023-02-25 15:14:06,2023-04-25 13:06:02
9644,"[12004, 85795, 63171, 44029, 68611]",2023-01-24 01:11:53,2023-06-20 00:49:24
9671,"[39817, 35666, 77070, 55202, 34894]",2023-01-22 11:01:10,2024-04-11 09:02:50
9711,"[60549, 12507, 62567, 5316, 30385]",2022-11-25 12:20:43,2024-02-09 19:06:22
9861,"[69658, 8273, 44158, 18617, 48458]",2023-08-30 00:50:34,2023-11-24 21:57:02
9999,"[53335, 25864, 56747, 60434, 27174]",2024-04-20 01:41:49,2024-05-04 15:55:58
10070,"[6755, 71750, 96519, 97799, 96295]",2024-06-01 14:58:52,2024-07-04 23:43:27
10581,"[59413, 28348, 16764, 99396, 12256]",2023-07-31 08:08:21,2023-09-07 02:26:06
10609,"[64347, 54062, 49566, 99843, 40681]",2024-01-31 11:45:56,2024-08-02 20:22:47
10615,"[42014, 7926, 32666, 74723, 31950]",2024-05-10 20:30:10,2024-10-11 08:05:19
10622,"[89413, 39686, 54871, 68889, 11853]",2023-12-19 05:25:16,2024-03-07 11:32:16
10625,"[89236, 14085, 83648, 39817, 44004]",2023-01-09 03:35:47,2023-12-06 13:08:53
10654,"[9311, 92550, 17848, 65597, 96494]",2023-07-05 05:31:08,2023-11-30 12:59:33
10770,"[3663, 99948, 31950, 77169, 96295]",2023-05-18 16:39:04,2024-02-25 17:22:24
10808,"[22273, 24236, 774, 91868, 6125]",2024-04-13 18:47:20,2024-09-12 15:23:57
11043,"[35923, 46060, 25327, 44391, 69749]",2022-11-29 17:30:42,2024-10-14 18:34:26
11051,"[82975, 63920, 56002, 79762, 32590]",2023-03-08 17:26:09,2024-03-24 12:08:02
11111,"[65874, 80763, 14713, 86670, 62580]",2024-06-01 03:21:10,2024-10-15 08:57:24
11183,"[74814, 31971, 73206, 49405, 5035]",2024-10-27 20:51:23,2024-11-02 07:43:58
11444,"[68540, 98747, 89840, 82268, 32071]",2023-11-20 10:08:03,2024-09-11 14:11:26
11565,"[7055, 40948, 70054, 24748, 59442]",2023-10-20 09:31:32,2024-10-01 13:56:14
11626,"[86670, 21910, 34013, 96500, 43194]",2024-09-11 14:09:55,2024-10-31 20:51:21
11679,"[65356, 75418, 66200, 17252, 33156]",2024-10-17 20:24:12,2024-10-23 16:02:48
11740,"[83809, 18518, 50005, 69678, 25782]",2023-10-06 01:45:24,2024-06-10 10:43:49
12080,"[96727, 15548, 89236, 46337, 89082]",2024-10-05 02:48:05,2024-11-06 20:55:36
12450,"[44657, 92508, 94671, 86689, 32830]",2023-03-18 17:19:37,2024-09-30 22:33:30
12524,"[13459, 1319, 29211, 48160, 56394]",2023-04-02 08:39:25,2023-05-16 18:57:27
12679,"[39803, 17435, 52319, 33003, 94716]",2024-07-13 22:38:33,2024-07-17 10:57:46
12788,"[19302, 54813, 67841, 63102, 16764]",2024-01-09 06:55:09,2024-09-17 08:51:29
12860,"[22509, 36684, 91518, 47684, 83225]",2024-10-28 00:41:57,2024-11-19 15:43:12
12961,"[83733, 31651, 82993, 55371, 55159]",2023-02-08 01:40:57,2023-08-13 20:28:37
12978,"[57415, 68540, 80376, 55401, 21867]",2023-05-14 14:04:48,2023-08-27 19:05:04
13021,"[25839, 91110, 45800, 1104, 81561]",2024-08-03 11:35:19,2024-08-10 20:14:02
13318,"[46060, 39312, 11701, 30712, 32527]",2023-01-19 14:32:34,2023-08-25 06:43:20
13392,"[71939, 64830, 33403, 55737, 73903]",2024-04-11 18:13:24,2024-05-14 07:11:33
13397,"[69749, 98371, 47664, 85948, 11253]",2023-05-18 17:18:49,2023-11-19 15:08:16
13408,"[89424, 42900, 8836, 31871, 94205]",2023-07-04 17:05:33,2023-09-23 11:08:24
13728,"[42534, 11029, 40681, 77809, 76368]",2023-02-17 21:19:03,2024-10-27 12:17:25
13773,"[74979, 15347, 22062, 97068, 308]",2024-05-09 20:13:10,2024-06-29 11:20:02
13776,"[10827, 23383, 86908, 48783, 12507]",2024-04-17 13:29:57,2024-08-15 06:16:28
14010,"[96173, 17848, 47047, 96079, 55821]",2023-02-26 03:39:14,2023-09-05 00:29:28
14119,"[76234, 716, 36684, 64369, 54898]",2023-06-23 15:44:36,2023-07-28 01:53:18
14147,"[61526, 83809, 88528, 33391, 69005]",2023-01-31 15:53:41,2024-06-29 09:28:50
14161,"[77742, 7877, 98836, 65915, 58739]",2023-12-15 00:12:18,2024-01-22 22:32:07
14400,"[66960, 33425, 74878, 64669, 6437]",2024-09-06 02:42:09,2024-11-17 09:47:12
14413,"[18923, 23249, 35007, 38027, 96519]",2024-09-14 20:18:22,2024-11-17 01:28:59
14422,"[75592, 20613, 29853, 4986, 18083]",2023-06-07 22:49:06,2023-07-05 04:19:01
14582,"[32830, 51806, 47173, 11860, 66617]",2023-06-29 18:50:02,2023-08-26 14:03:24
14613,"[21550, 98857, 4227, 79247, 94922]",2023-04-14 03:08:19,2023-05-28 15:36:57
14624,"[62567, 21561, 39892, 8627, 52049]",2024-09-02 14:55:41,2024-09-12 02:35:10
14732,"[58242, 19540, 87005, 41506, 9992]",2024-03-22 05:06:23,2024-06-12 00:26:23
14859,"[75369, 63919, 49252, 22530, 89392]",2024-08-09 07:08:35,2024-11-19 03:50:55
15001,"[64830, 82970, 69877, 31971, 8252]",2023-04-02 12:42:09,2023-12-14 09:58:35
15013,"[8278, 60420, 6755, 75048, 42534]",2024-06-02 03:32:52,2024-11-09 13:26:35
15038,"[41182, 44572, 6860, 54720, 32448]",2024-07-31 02:16:02,2024-09-22 20:35:56
15048,"[46060, 26511, 20652, 43756, 43194]",2024-03-23 11:56:07,2024-10-26 01:12:23
15152,"[6125, 26295, 30385, 77809, 65597]",2024-05-21 03:39:45,2024-09-16 13:02:37
15154,"[37, 95151, 54703, 40500, 75870]",2022-12-27 15:13:24,2024-01-10 16:04:14
15297,"[19641, 29687, 80393, 54788, 75205]",2024-08-28 09:51:12,2024-09-27 02:04:19
15353,"[49252, 7549, 92011, 55569, 71772]",2023-09-29 14:02:06,2024-05-22 10:07:05
15370,"[13811, 40813, 39547, 49967, 84587]",2023-08-06 04:14:09,2024-03-10 21:54:33
15477,"[76295, 47027, 94430, 56388, 7055]",2024-01-15 21:57:58,2024-01-27 10:25:38
15502,"[40320, 27643, 75592, 99843, 98324]",2024-04-04 20:29:50,2024-09-06 21:47:03
15597,"[81870, 24236, 89106, 29211, 58739]",2023-09-26 23:58:28,2024-06-07 03:01:39
15688,"[12959, 24951, 56747, 67442, 8328]",2023-08-05 02:11:25,2023-12-31 12:19:10
15712,"[54299, 12476, 22248, 34013, 54813]",2023-05-01 07:35:13,2023-08-08 18:40:17
15728,"[16976, 77354, 41145, 60100, 98836]",2024-01-14 16:34:35,2024-10-26 23:31:35
15786,"[53683, 33425, 16034, 14411, 94591]",2023-11-12 06:54:16,2024-08-17 19:46:30
15982,"[47119, 28883, 22273, 12129, 79805]",2024-04-01 08:39:26,2024-11-16 10:34:36
16025,"[15376, 32825, 5035, 5075, 67311]",2023-08-15 16:57:30,2024-01-24 11:49:51
16169,"[62516, 52772, 83814, 18083, 49635]",2023-02-08 22:26:31,2023-07-05 17:20:56
16408,"[81748, 49252, 55470, 69362, 40948]",2024-05-31 22:39:33,2024-06-13 11:58:13
16420,"[34111, 62516, 59413, 44029, 27500]",2023-12-22 14:08:53,2024-07-07 05:30:10
16449,"[18272, 23505, 35271, 22783, 60372]",2024-03-26 03:35:42,2024-10-18 20:37:59
16595,"[75044, 72260, 16764, 66055, 82993]",2024-10-14 08:39:33,2024-10-27 01:16:18
16817,"[75044, 53017, 15548, 52188, 89763]",2023-07-06 15:33:21,2024-02-10 05:53:31
16871,"[1516, 42644, 75571, 54062, 93335]",2023-05-22 19:27:45,2024-01-02 22:43:25
16896,"[49405, 55678, 14411, 15175, 77742]",2023-10-01 18:39:20,2024-07-09 14:38:51
16958,"[91110, 5387, 99948, 89121, 81562]",2024-09-21 16:58:51,2024-11-21 06:22:27
17739,"[31427, 19270, 69749, 95012, 22530]",2023-12-08 16:31:00,2024-03-24 10:41:11
17832,"[59925, 95661, 79805, 34194, 90320]",2023-11-26 12:20:52,2024-10-25 21:07:14
17844,"[89121, 41856, 24951, 93862, 83225]",2022-11-23 08:49:41,2024-01-22 21:12:29
17867,"[32825, 5316, 19745, 61962, 38299]",2023-01-28 11:17:08,2023-03-08 22:06:45
17973,"[21889, 81748, 82540, 45043, 67442]",2023-11-02 08:29:43,2024-02-28 17:54:28
18143,"[55544, 4174, 43186, 53335, 47684]",2024-05-25 21:35:41,2024-08-16 20:39:13
18215,"[46446, 22189, 19810, 53321, 51547]",2023-10-30 01:14:06,2024-07-09 22:02:07
18239,"[87863, 90320, 45043, 31052, 42981]",2023-08-01 10:20:33,2024-08-24 07:16:19
18333,"[63171, 66340, 82120, 1219, 26511]",2024-03-05 17:26:20,2024-10-20 21:21:39
18458,"[21277, 41152, 25457, 5035, 80320]",2024-04-08 04:35:32,2024-06-19 23:32:23
18480,"[47826, 55172, 34408, 11029, 34194]",2023-11-20 19:54:55,2024-07-10 06:13:01
18696,"[54563, 54871, 51661, 63175, 11853]",2024-06-15 09:29:45,2024-08-28 08:42:02
18817,"[51491, 94607, 67056, 78265, 76234]",2023-06-23 10:26:59,2024-05-13 23:08:41
18821,"[16368, 89392, 6316, 56811, 83648]",2023-10-06 17:11:05,2023-10-11 12:58:21
19074,"[18658, 18923, 24777, 74723, 94236]",2024-09-25 13:11:10,2024-10-25 21:44:58
19176,"[98766, 76473, 36596, 78265, 23037]",2023-08-05 13:38:21,2024-08-19 22:28:05
19353,"[30251, 66514, 92550, 22783, 50665]",2024-07-03 14:54:08,2024-08-22 22:45:01
19418,"[97651, 55172, 12129, 85347, 53683]",2022-12-24 18:08:02,2024-10-21 23:31:04
19450,"[74878, 31427, 69658, 96836, 36906]",2023-05-12 22:15:43,2023-12-14 17:51:14
19660,"[6437, 66502, 76295, 174, 28942]",2024-11-18 03:41:23,2024-11-21 10:03:19
19826,"[67056, 55374, 16764, 25102, 16698]",2023-05-10 21:15:32,2023-11-18 00:36:46
19866,"[8627, 24666, 89525, 75565, 80320]",2023-04-23 21:17:23,2024-02-26 02:42:40
19902,"[52977, 83809, 30348, 55569, 82273]",2023-01-08 10:19:40,2023-12-09 17:50:18
20114,"[47390, 48948, 82975, 6316, 79805]",2024-03-30 17:23:03,2024-07-13 20:42:24
20152,"[81119, 72186, 59413, 28348, 86328]",2023-02-18 21:10:55,2023-09-27 12:37:20
20201,"[4002, 93863, 55172, 18272, 94430]",2022-12-27 08:20:27,2023-08-28 18:56:15
20254,"[18923, 47664, 21277, 41398, 43352]",2023-11-02 10:45:26,2024-08-01 03:53:00
20340,"[56811, 25102, 24777, 74504, 92244]",2023-05-16 21:52:36,2024-02-10 23:37:39
20389,"[65440, 39817, 99069, 68020, 48458]",2024-01-20 13:23:24,2024-05-14 03:17:01
20526,"[82778, 24204, 53321, 3020, 14504]",2024-10-21 08:56:28,2024-11-20 01:28:28
20629,"[45680, 23505, 77137, 8806, 5986]",2022-12-13 16:50:13,2023-07-18 21:12:26
20688,"[24236, 91405, 12804, 13466, 74718]",2023-02-03 12:58:44,2024-11-20 11:20:58
20951,"[83823, 69700, 6933, 54703, 8842]",2023-03-30 23:53:39,2024-05-20 19:41:27
20953,"[10135, 23590, 53321, 77755, 7120]",2024-06-15 11:26:17,2024-08-15 03:40:58
21067,"[73300, 40593, 68548, 23037, 39408]",2024-07-03 16:36:50,2024-08-06 22:48:57
21390,"[54813, 94591, 40186, 47390, 74504]",2023-11-08 16:15:32,2024-08-11 12:18:14
21582,"[94591, 93248, 98162, 22575, 66228]",2023-08-03 02:44:07,2024-06-28 00:54:50
21796,"[19810, 16698, 56072, 17848, 23383]",2023-06-03 14:20:24,2023-09-04 13:42:04
21825,"[11105, 56104, 38387, 22731, 96415]",2023-06-05 10:42:54,2024-09-30 17:32:15
21900,"[52007, 53346, 78359, 39312, 31065]",2024-05-09 21:24:52,2024-06-01 23:43:35
21964,"[30765, 68540, 94430, 80393, 52188]",2022-12-22 16:01:10,2024-02-15 00:21:16
22043,"[806, 55950, 48948, 24585, 54792]",2024-08-01 20:43:21,2024-09-09 11:19:58
22046,"[20150, 24042, 1219, 94236, 66340]",2024-08-17 23:14:29,2024-11-03 21:25:10
22405,"[7658, 55569, 18091, 39111, 76593]",2023-01-15 10:15:18,2024-07-25 06:31:31
22556,"[50563, 3004, 55544, 4091, 52594]",2023-08-05 18:14:16,2024-08-01 17:11:53
22719,"[7926, 1104, 46446, 86349, 75798]",2023-04-25 16:46:18,2024-09-19 16:59:16
23004,"[99843, 54898, 67442, 600, 47664]",2023-10-14 02:17:05,2023-11-12 04:33:04
23027,"[29853, 11105, 90320, 82033, 98967]",2023-07-31 14:45:24,2023-12-17 23:04:21
23532,"[26408, 71149, 75870, 74723, 47173]",2024-11-11 12:42:08,2024-11-19 10:18:16
23657,"[14944, 21822, 49717, 51018, 13025]",2024-01-01 04:58:14,2024-08-11 18:02:23
23684,"[66340, 26244, 12699, 73149, 19540]",2024-06-17 22:24:01,2024-08-19 05:41:19
23710,"[17435, 92891, 20613, 42014, 82975]",2024-07-19 20:10:48,2024-11-05 22:43:43
23714,"[65560, 8627, 75592, 24236, 69932]",2023-07-15 00:47:18,2023-09-06 10:24:32
23737,"[24296, 76234, 31871, 91110, 17154]",2024-11-04 09:44:42,2024-11-08 14:24:49
23760,"[61063, 74979, 22797, 94506, 42900]",2024-06-17 18:59:30,2024-07-14 14:55:15
23878,"[75798, 98789, 80499, 91305, 81870]",2023-01-15 11:07:09,2024-08-22 07:46:34
23975,"[91868, 52948, 55661, 81562, 71946]",2023-06-28 14:51:30,2023-12-27 11:40:54
24106,"[43712, 17679, 80730, 87918, 17532]",2023-05-11 02:52:00,2023-11-18 01:26:27
24301,"[78014, 46594, 97426, 52319, 57280]",2023-12-18 12:34:33,2024-11-13 12:46:06
24339,"[65440, 49405, 59559, 37228, 56388]",2023-05-06 19:01:31,2024-08-21 21:54:42
24584,"[14465, 96643, 66502, 14533, 92542]",2023-03-15 02:39:48,2024-09-10 20:54:49
24587,"[83648, 64347, 5316, 76234, 69877]",2023-06-23 06:05:40,2023-08-25 19:08:18
24612,"[51806, 77488, 17435, 71149, 40968]",2024-10-01 18:54:03,2024-10-25 14:24:09
24622,"[25462, 24585, 600, 95680, 23753]",2024-05-01 09:03:30,2024-09-18 10:52:48
24737,"[53270, 55374, 66628, 36896, 45191]",2024-09-09 08:38:45,2024-09-28 10:23:16
24795,"[4986, 43712, 7877, 94591, 28944]",2024-06-24 05:01:26,2024-10-26 10:46:00
24963,"[16034, 52772, 55821, 32590, 23753]",2022-12-20 04:00:26,2024-02-26 06:39:10
25011,"[94591, 91305, 8252, 73990, 80730]",2023-03-05 01:32:37,2023-08-15 03:12:57
25035,"[6860, 1222, 12804, 78014, 29687]",2023-07-25 08:49:34,2024-01-18 18:47:47
25079,"[12781, 56811, 19633, 25835, 17901]",2024-03-01 12:20:02,2024-05-21 15:42:55
25203,"[41785, 6755, 41752, 98162, 5585]",2024-04-18 21:15:13,2024-10-26 10:48:23
25230,"[81870, 92675, 53933, 94671, 21170]",2023-12-02 08:11:34,2024-01-17 14:52:59
25338,"[51748, 420, 30768, 61186, 66502]",2024-05-25 02:20:54,2024-08-07 11:44:20
25437,"[46446, 3433, 32448, 16034, 23624]",2024-01-18 03:38:01,2024-03-15 07:18:05
25456,"[74729, 27438, 468, 61392, 42014]",2023-09-18 18:35:14,2024-06-10 02:53:18
26095,"[67841, 83823, 26316, 35809, 68020]",2023-05-15 07:47:23,2023-12-08 17:44:33
26193,"[49542, 93614, 32382, 65597, 23599]",2023-05-19 13:29:34,2024-06-27 08:51:10
26241,"[23249, 27256, 55569, 93614, 30788]",2023-01-20 22:38:18,2023-03-07 05:30:12
26242,"[17154, 93862, 84103, 30467, 35628]",2022-12-16 16:10:06,2024-02-23 23:39:06
26397,"[36182, 55371, 74729, 39182, 49363]",2024-02-23 01:07:06,2024-09-19 03:36:30
26485,"[30467, 44029, 57488, 90320, 96500]",2023-09-10 07:30:06,2024-03-09 11:44:34
26513,"[48783, 31065, 49542, 63102, 59559]",2023-05-19 19:15:17,2024-08-31 12:10:33
26580,"[74443, 66848, 56388, 13810, 7291]",2024-11-16 16:44:42,2024-11-17 01:40:46
26654,"[69658, 87762, 33437, 14587, 6282]",2024-10-18 18:13:32,2024-10-25 09:39:02
26688,"[61392, 69280, 65440, 78458, 22731]",2023-12-16 13:37:28,2024-05-02 10:06:29
26762,"[31084, 64117, 24296, 39768, 1056]",2024-11-11 05:54:42,2024-11-15 21:55:09
27133,"[24204, 81126, 30490, 45474, 55678]",2023-12-28 17:52:50,2024-05-15 03:17:11
27176,"[66628, 89525, 51748, 91518, 85691]",2024-10-10 18:51:32,2024-11-20 07:26:09
27196,"[61919, 54716, 72186, 91586, 54563]",2024-06-27 18:29:33,2024-09-19 17:56:26
27514,"[28610, 26006, 24335, 25839, 51215]",2023-03-03 20:08:53,2024-08-01 10:02:15
27549,"[34111, 31950, 79336, 71217, 34944]",2023-09-16 03:23:42,2024-07-23 17:22:55
27652,"[41913, 58183, 27438, 73124, 7658]",2024-04-12 23:07:10,2024-09-01 16:31:40
27655,"[13811, 30618, 62516, 72022, 82778]",2024-02-02 07:47:50,2024-08-23 15:55:07
27695,"[8423, 40500, 66228, 79154, 60420]",2024-10-05 14:06:43,2024-11-10 08:50:17
27697,"[69932, 34490, 60729, 17532, 63722]",2023-05-03 22:20:32,2024-03-28 08:44:23
27746,"[59757, 1941, 16368, 41856, 12699]",2024-05-16 23:10:27,2024-09-21 06:19:34
27876,"[30788, 65440, 32071, 62567, 25888]",2023-10-24 16:49:17,2024-02-28 05:45:34
27912,"[82975, 46170, 16698, 97651, 81119]",2022-12-08 03:00:03,2024-06-15 06:40:37
27929,"[83648, 70520, 29853, 86689, 91518]",2023-05-26 16:00:56,2023-07-02 11:32:12
28044,"[63171, 44233, 54062, 93130, 26327]",2024-04-14 18:35:49,2024-09-05 23:36:53
28175,"[90320, 77490, 38299, 42813, 32590]",2023-12-31 22:07:01,2024-11-02 01:47:20
28380,"[420, 98836, 33156, 44341, 17252]",2022-12-02 23:34:15,2023-11-09 18:14:59
28584,"[79154, 36501, 18623, 72022, 898]",2024-06-15 00:30:25,2024-08-11 02:48:17
28682,"[45171, 6933, 57488, 52772, 79336]",2023-11-14 18:45:53,2024-06-14 00:37:54
28775,"[12004, 70243, 39803, 81119, 14815]",2023-10-20 20:08:47,2024-07-28 00:43:12
28813,"[17848, 34111, 91599, 55569, 27852]",2024-03-31 06:24:49,2024-11-20 17:39:25
28951,"[19633, 18083, 61392, 898, 41338]",2023-08-13 17:02:44,2023-08-14 20:50:39
28982,"[46170, 420, 16165, 52772, 39547]",2023-11-03 03:53:12,2023-11-11 05:39:31
28998,"[61659, 26290, 41152, 83733, 23383]",2022-12-10 14:32:35,2023-03-29 19:29:12
29021,"[29728, 43168, 95769, 51547, 67536]",2024-02-11 14:27:28,2024-10-28 23:40:16
29027,"[94430, 34111, 79399, 57415, 82975]",2024-01-26 09:12:28,2024-05-03 10:26:03
29041,"[32448, 1134, 43949, 17532, 32517]",2023-12-30 10:27:42,2024-06-08 11:39:58
29140,"[30788, 23037, 27924, 61623, 69678]",2023-02-08 12:08:38,2024-08-19 07:24:29
29143,"[70723, 12476, 75565, 87481, 52917]",2023-09-27 02:55:44,2024-01-21 20:58:35
29205,"[24670, 95151, 74814, 41398, 67176]",2024-11-13 17:19:38,2024-11-16 02:50:14
29298,"[26920, 82120, 52188, 39817, 68889]",2024-02-05 17:27:10,2024-10-22 23:19:52
29307,"[47684, 49252, 82970, 75798, 29853]",2022-12-13 08:05:23,2024-09-30 16:38:21
29528,"[46472, 94205, 47826, 51748, 85626]",2024-07-17 16:16:21,2024-10-11 17:45:00
29643,"[45474, 44158, 19741, 82970, 14621]",2023-10-25 18:11:30,2024-07-22 23:23:34
29807,"[96836, 89392, 60653, 79247, 24831]",2024-09-29 08:10:50,2024-10-04 08:51:34
29880,"[89636, 255, 47119, 37851, 9311]",2024-02-03 09:43:45,2024-06-19 17:48:06
29939,"[54563, 81448, 19551, 75798, 7291]",2024-02-29 21:16:15,2024-05-21 17:36:41
29949,"[22509, 27500, 24042, 14587, 11253]",2023-06-27 04:35:37,2024-01-19 08:15:23
30215,"[68548, 90203, 66960, 55737, 7092]",2022-11-26 14:08:40,2024-03-23 12:52:32
30246,"[4986, 45171, 89196, 51807, 47826]",2024-03-24 00:26:47,2024-10-18 18:42:50
30360,"[38027, 69280, 23037, 19302, 38594]",2024-04-18 12:47:31,2024-09-09 05:18:00
30411,"[27438, 31065, 92227, 83823, 99184]",2023-06-24 22:09:23,2024-04-23 10:14:49
30571,"[48948, 27174, 30490, 86794, 90203]",2024-07-26 19:25:57,2024-08-12 19:43:35
30670,"[89033, 40593, 20322, 82970, 43852]",2024-05-29 15:59:03,2024-06-05 15:59:21
30758,"[87918, 58242, 70243, 94716, 92745]",2022-12-15 02:42:51,2023-02-28 16:39:51
30871,"[6638, 3181, 37, 39803, 54788]",2024-07-09 12:25:57,2024-11-02 09:10:08
30914,"[22797, 13429, 7055, 41785, 70520]",2024-09-01 18:34:17,2024-11-13 04:38:51
30918,"[91110, 80891, 58507, 33156, 49635]",2022-11-25 04:28:09,2023-01-26 11:10:07
30941,"[92792, 37823, 31864, 90320, 62567]",2023-09-05 10:29:35,2024-02-20 13:49:16
31033,"[77070, 42995, 7055, 47390, 36896]",2023-10-05 06:35:32,2024-01-26 09:53:31
31171,"[40948, 45953, 55222, 12129, 49405]",2024-02-23 09:35:00,2024-10-01 04:01:34
31341,"[74556, 83823, 31053, 29853, 4091]",2023-09-30 08:25:57,2024-06-22 17:17:28
31354,"[90943, 91640, 4271, 21561, 87005]",2023-10-02 20:58:57,2024-10-13 09:56:34
31513,"[87863, 6282, 12781, 82120, 18033]",2024-05-19 13:53:23,2024-10-07 13:57:20
31575,"[20613, 12699, 45780, 15504, 90320]",2022-12-14 04:17:06,2023-01-16 19:48:56
31762,"[44141, 20325, 29344, 29728, 41182]",2023-08-06 11:52:52,2024-09-22 14:06:17
31789,"[11029, 36896, 60561, 61186, 49252]",2023-07-25 17:12:10,2024-10-02 03:44:04
31933,"[24335, 49845, 7055, 67841, 29853]",2023-01-24 22:35:05,2024-08-24 11:32:41
32040,"[45301, 47047, 93862, 38299, 49967]",2023-10-22 08:23:19,2023-11-14 12:22:53
32125,"[14465, 21889, 88528, 49635, 8273]",2024-11-09 05:54:12,2024-11-21 13:46:48
32150,"[61659, 69877, 84103, 38296, 84238]",2024-08-01 23:04:24,2024-11-09 14:59:06
32314,"[31427, 16165, 45043, 10213, 49566]",2024-04-06 07:21:26,2024-08-06 16:43:03
32473,"[89424, 22530, 98747, 30788, 21052]",2023-09-03 08:23:03,2023-11-03 14:32:06
32596,"[10665, 28311, 98324, 23037, 43342]",2023-04-14 10:54:15,2024-03-05 15:33:57
32878,"[66960, 52977, 4124, 8627, 40500]",2022-12-20 08:21:13,2024-08-17 18:24:37
32912,"[21889, 85524, 41752, 39182, 20325]",2022-12-14 12:54:37,2023-02-01 17:34:37
32940,"[53969, 51034, 51018, 95769, 98766]",2022-11-28 15:07:44,2023-01-06 18:20:04
33017,"[89525, 7926, 31647, 91586, 28311]",2024-09-11 05:22:00,2024-10-01 02:08:24
33065,"[9992, 26405, 5387, 92196, 25462]",2023-08-18 18:16:24,2024-10-04 09:01:45
33231,"[87481, 31053, 774, 12699, 3487]",2023-06-06 17:06:15,2023-08-24 16:38:45
33277,"[65597, 92227, 66938, 19641, 28095]",2024-05-06 00:59:09,2024-09-05 15:33:47
33351,"[51725, 931, 55821, 99184, 93335]",2024-02-12 21:12:22,2024-04-15 23:43:45
33490,"[28809, 59603, 33503, 89028, 12476]",2023-02-13 15:41:40,2024-02-13 03:22:52
33580,"[7183, 92792, 71946, 80730, 83648]",2023-10-24 20:52:51,2024-06-22 19:19:42
33603,"[45800, 54970, 75044, 25839, 16034]",2024-02-23 02:32:12,2024-11-15 14:15:38
33644,"[41145, 78861, 55470, 94489, 60420]",2024-02-01 21:19:50,2024-07-13 18:00:02
33762,"[55222, 29687, 38754, 89082, 80376]",2024-10-17 19:28:57,2024-11-06 05:25:53
34179,"[36896, 39111, 42060, 69217, 66850]",2024-05-28 09:26:11,2024-08-15 16:11:12
34214,"[55202, 68548, 59442, 95641, 40681]",2024-08-29 23:15:04,2024-09-02 02:18:06
34217,"[24777, 71772, 21822, 19836, 68611]",2024-10-31 11:16:28,2024-11-02 19:14:52
34453,"[47826, 7810, 62580, 74723, 28069]",2024-08-04 15:49:33,2024-11-15 18:40:24
34567,"[14713, 48783, 35148, 24816, 81804]",2023-03-03 01:53:11,2023-03-09 15:39:04
34573,"[41338, 41752, 66137, 35097, 37016]",2024-08-15 12:44:54,2024-08-30 18:33:41
34644,"[60420, 7810, 98162, 21728, 61623]",2023-08-17 20:46:28,2024-05-27 05:05:41
34664,"[72007, 85347, 5585, 57610, 25839]",2023-06-28 01:25:36,2024-05-28 00:24:12
34677,"[35264, 75798, 51018, 50071, 36596]",2024-03-14 12:38:16,2024-09-08 15:52:17
34819,"[82975, 41856, 85274, 76288, 15087]",2023-03-20 10:00:14,2024-02-20 10:17:56
34854,"[28212, 21728, 71939, 75565, 30419]",2023-11-26 03:39:35,2024-07-26 12:55:54
35141,"[55172, 51807, 47684, 25102, 16272]",2023-03-27 11:02:59,2023-10-16 15:48:55
35252,"[98766, 27256, 98174, 98371, 59413]",2023-11-01 07:36:37,2023-12-23 02:46:15
35275,"[4174, 53933, 12863, 31687, 83209]",2023-09-03 02:50:48,2024-06-21 13:47:50
35379,"[59603, 33509, 22731, 42813, 57920]",2022-12-08 13:22:04,2024-07-22 05:53:00
35499,"[77742, 4002, 85031, 18518, 74878]",2023-11-02 22:08:06,2024-06-26 02:22:42
35555,"[23753, 60766, 66055, 99948, 8423]",2024-04-20 17:04:34,2024-11-17 03:58:49
35579,"[93863, 25835, 42900, 80393, 50224]",2023-04-02 18:29:09,2023-09-18 09:20:15
35704,"[96173, 22248, 22530, 61962, 931]",2024-03-26 20:22:37,2024-04-15 04:52:53
35727,"[294, 26295, 68889, 23249, 41785]",2024-10-12 22:13:04,2024-11-06 22:37:43
35775,"[40813, 90203, 25102, 65356, 59925]",2023-08-28 07:23:26,2024-07-27 05:33:38
35834,"[17303, 86349, 43186, 34013, 13466]",2024-01-08 12:05:52,2024-03-19 19:17:25
35891,"[97068, 80393, 32666, 8328, 17901]",2022-12-25 13:03:13,2024-04-11 16:36:52
36050,"[39408, 92244, 62580, 14961, 89362]",2024-11-04 23:39:18,2024-11-09 22:31:24
36128,"[60729, 74556, 50352, 33254, 67442]",2023-05-18 20:45:38,2023-11-10 22:52:47
36306,"[74878, 14306, 44657, 45301, 97799]",2023-09-24 09:41:10,2024-05-20 23:34:59
36527,"[29746, 14465, 38027, 31052, 25457]",2024-07-08 06:49:46,2024-10-09 01:56:52
36627,"[26006, 27500, 85782, 39111, 65458]",2023-11-13 00:16:38,2023-11-21 14:41:34
36718,"[20322, 46594, 66502, 46472, 69879]",2022-11-23 21:36:12,2024-10-27 07:31:43
36866,"[22797, 38387, 13549, 14306, 35628]",2024-04-09 10:40:23,2024-11-05 13:48:29
36991,"[898, 47893, 94205, 22675, 13810]",2023-07-04 10:23:53,2023-09-01 15:58:14
37210,"[18923, 33291, 92792, 26006, 51547]",2024-06-21 10:41:56,2024-06-27 19:42:51
37311,"[50071, 30348, 6282, 41237, 77866]",2024-08-18 23:33:11,2024-10-03 04:31:14
37352,"[37016, 51547, 95680, 1222, 33156]",2024-08-04 13:22:41,2024-10-06 15:22:46
37471,"[45382, 60420, 52319, 23624, 82273]",2023-09-06 14:10:58,2024-06-02 04:05:02
37757,"[47027, 59757, 86037, 77950, 23374]",2023-08-05 12:44:44,2023-11-07 04:52:53
38028,"[68765, 9992, 89011, 28809, 29769]",2024-05-05 12:01:12,2024-09-03 14:50:05
38102,"[23037, 65597, 5316, 67414, 5387]",2022-12-14 20:03:22,2023-07-24 23:07:54
38220,"[22945, 38387, 51806, 22248, 41785]",2023-10-23 14:19:36,2024-04-02 22:31:23
38292,"[53933, 81448, 35097, 77488, 81126]",2024-02-25 06:03:20,2024-08-14 11:20:32
38337,"[24831, 37315, 51862, 21867, 81561]",2024-01-21 18:51:26,2024-05-06 21:55:48
38440,"[56811, 54720, 38250, 11701, 44039]",2024-04-16 06:41:53,2024-04-21 19:54:56
38668,"[9992, 50803, 89236, 27500, 93614]",2024-04-14 13:43:19,2024-09-29 22:57:02
38682,"[92196, 24802, 33437, 24195, 75044]",2024-10-05 15:48:18,2024-11-15 03:33:16
38732,"[77070, 4279, 18091, 99452, 25457]",2023-09-22 19:41:52,2024-05-17 10:06:08
38750,"[52772, 76288, 18658, 75369, 1104]",2024-04-16 23:24:11,2024-05-19 23:21:34
38788,"[96173, 69217, 80730, 14815, 65458]",2023-04-25 23:40:15,2024-06-15 23:00:19
38833,"[88528, 83617, 79336, 34072, 29687]",2023-02-11 23:51:19,2023-09-01 04:46:08
39079,"[15548, 39182, 32781, 73149, 45953]",2024-10-27 22:21:55,2024-10-29 21:05:28
39123,"[28311, 58242, 6125, 93335, 96079]",2023-11-23 06:02:46,2024-11-13 10:23:40
39176,"[60561, 49567, 90550, 53270, 36420]",2024-01-20 04:09:06,2024-02-11 18:44:22
39429,"[99983, 7291, 37851, 92508, 96157]",2023-11-25 11:47:18,2024-11-17 05:16:38
39689,"[21052, 67414, 47119, 88809, 81748]",2023-04-20 19:33:11,2024-06-19 00:36:15
39695,"[12004, 6437, 45043, 60948, 25835]",2022-11-29 00:24:22,2024-06-19 02:54:00
39720,"[15347, 22174, 28564, 96643, 30348]",2023-09-18 01:43:19,2024-03-14 23:02:39
39829,"[21910, 174, 39686, 32517, 34408]",2024-11-03 09:49:13,2024-11-03 18:21:47
39848,"[52917, 41237, 78458, 1219, 59559]",2023-12-03 15:16:46,2024-08-07 18:08:02
39859,"[67414, 42101, 77950, 25835, 47664]",2023-10-20 22:02:12,2024-04-21 22:42:07
39903,"[64117, 44004, 97068, 13025, 39686]",2024-01-23 19:02:46,2024-07-17 11:07:01
39961,"[49363, 14342, 52432, 39817, 80499]",2024-01-15 04:40:53,2024-11-18 01:45:08
40331,"[13459, 10135, 8842, 37974, 19873]",2023-05-12 14:05:22,2024-09-23 19:47:18
40343,"[76288, 52432, 56811, 74504, 87481]",2024-03-24 17:14:23,2024-08-16 15:54:36
40527,"[54813, 13466, 16582, 61962, 20613]",2024-10-12 15:22:41,2024-10-21 12:03:21
40757,"[54720, 16698, 67311, 61623, 84238]",2024-05-25 09:24:37,2024-09-19 06:39:29
40896,"[14504, 83555, 56388, 53346, 74729]",2023-03-11 13:39:15,2024-04-13 00:05:46
40969,"[7658, 55172, 1219, 82975, 80891]",2024-07-21 00:31:37,2024-09-27 23:08:54
41181,"[60420, 56394, 94430, 22575, 20967]",2024-09-01 08:58:12,2024-11-09 07:46:40
41199,"[32517, 98879, 69678, 32071, 49717]",2023-12-06 06:11:12,2024-08-26 05:21:12
41591,"[84587, 17679, 26511, 47173, 53969]",2023-07-06 00:43:30,2024-03-06 22:05:23
41721,"[37016, 41145, 38637, 25864, 23046]",2024-10-26 20:04:36,2024-11-04 18:25:22
42199,"[98879, 52432, 33254, 86328, 83209]",2024-05-10 20:22:27,2024-08-26 02:27:12
42306,"[78456, 51018, 98789, 24484, 35809]",2024-06-20 01:23:18,2024-09-30 14:37:47
42357,"[6604, 19745, 41913, 66055, 63920]",2024-01-04 23:40:54,2024-08-08 10:43:36
42557,"[89413, 82778, 11253, 12595, 22945]",2023-11-29 09:29:35,2024-06-21 06:02:57
42607,"[72860, 10665, 70520, 58566, 54716]",2023-10-18 17:05:26,2024-11-01 06:40:18
43042,"[16764, 4091, 90917, 44391, 35627]",2023-07-16 04:56:04,2024-05-20 06:27:47
43209,"[39686, 32825, 50005, 70813, 78861]",2023-03-10 22:54:03,2024-05-05 14:02:28
43424,"[69217, 56747, 47173, 11105, 39111]",2023-07-04 19:26:15,2023-08-13 08:50:01
43450,"[23249, 74018, 40320, 19836, 22797]",2024-04-07 20:19:06,2024-11-07 17:28:02
43487,"[31651, 76288, 92675, 25452, 25782]",2024-08-31 08:18:28,2024-11-17 19:50:45
43689,"[72766, 41752, 68611, 80730, 57280]",2024-09-18 11:19:27,2024-10-05 15:04:24
43746,"[70813, 55821, 89196, 51054, 55950]",2023-05-22 10:33:30,2023-11-14 06:51:10
43811,"[82778, 8423, 92196, 71772, 82200]",2024-05-23 11:02:26,2024-07-24 23:08:28
43913,"[87498, 56104, 18617, 54898, 71946]",2023-12-22 06:24:24,2024-05-15 01:47:31
44220,"[716, 60729, 92244, 69877, 26327]",2023-11-06 14:49:16,2024-06-30 09:31:24
44357,"[77137, 308, 21889, 43426, 64858]",2024-11-13 18:15:06,2024-11-20 09:48:03
44486,"[51054, 78359, 77070, 72022, 5075]",2023-12-25 06:03:41,2024-07-19 08:24:03
44634,"[43194, 66938, 39182, 69726, 72679]",2023-07-31 20:08:23,2024-03-12 03:49:00
44656,"[10213, 34194, 25782, 47664, 17154]",2023-12-17 07:07:54,2024-06-01 20:32:59
44703,"[90320, 60766, 42496, 74073, 22945]",2023-08-30 05:29:41,2024-09-18 04:27:56
44754,"[66055, 99452, 42995, 72766, 806]",2023-10-08 04:09:15,2024-02-07 04:09:32
44879,"[42014, 75798, 44572, 98324, 38387]",2023-08-24 12:09:57,2024-07-31 11:02:27
44889,"[83809, 93130, 94251, 66340, 14085]",2023-03-26 12:25:46,2024-11-05 06:44:20
44910,"[75048, 23548, 76473, 6676, 31647]",2023-03-25 13:09:24,2024-02-28 18:06:07
44925,"[52188, 89011, 35386, 6860, 26920]",2024-07-22 14:21:59,2024-10-18 00:48:33
45028,"[9311, 89953, 43426, 47664, 27924]",2023-02-27 15:54:37,2024-01-18 16:39:37
45037,"[774, 54898, 55371, 52790, 53969]",2024-05-14 10:50:09,2024-08-29 09:39:17
45232,"[89011, 7658, 13429, 89424, 25457]",2024-03-19 06:29:02,2024-07-22 20:19:58
45294,"[51547, 31065, 64347, 35500, 76593]",2022-12-28 11:01:49,2023-07-02 19:31:02
45472,"[53017, 14944, 7926, 90320, 57920]",2022-12-29 02:51:10,2024-11-01 12:40:14
45559,"[48, 8252, 19270, 89424, 59673]",2023-07-02 09:10:51,2024-08-19 21:48:26
46044,"[23305, 6638, 17435, 39312, 69280]",2023-04-21 08:57:04,2024-06-23 22:03:38
46129,"[66938, 31642, 52188, 90550, 89392]",2023-05-21 11:11:06,2024-10-28 04:44:36
46149,"[55470, 47173, 31651, 8328, 51765]",2024-05-05 04:05:40,2024-06-25 13:31:57
46289,"[75044, 1222, 77755, 64873, 17303]",2024-08-09 22:29:16,2024-08-12 21:46:47
46297,"[34894, 79336, 54855, 89525, 33254]",2024-11-21 21:45:58,2024-11-22 08:00:37
46355,"[96415, 76473, 13861, 8842, 87950]",2023-07-17 21:11:45,2024-03-12 06:06:49
46365,"[13810, 34013, 55447, 86908, 66938]",2024-02-05 05:21:36,2024-09-14 01:51:10
46397,"[2351, 26295, 89656, 64117, 25132]",2023-04-15 06:23:43,2023-09-09 10:47:54
46409,"[92196, 50710, 29965, 49635, 20325]",2023-06-21 16:14:14,2024-03-22 14:49:19
46414,"[79399, 44391, 2261, 82993, 22945]",2023-06-09 22:33:09,2023-06-14 22:21:55
46419,"[42101, 30490, 6125, 61274, 46446]",2023-04-17 12:32:41,2023-05-23 23:19:05
46489,"[42534, 780, 92745, 23037, 43194]",2024-01-01 23:41:44,2024-03-07 06:51:12
46716,"[66617, 60766, 77595, 17679, 49322]",2023-05-03 22:11:13,2023-12-09 06:03:54
46875,"[96727, 38146, 6860, 87918, 95769]",2024-01-14 18:07:55,2024-07-10 12:24:27
47171,"[27924, 98766, 65560, 87894, 35007]",2024-01-06 18:20:29,2024-11-16 15:53:56
47217,"[774, 67536, 32448, 16165, 25462]",2023-04-11 19:15:44,2023-08-05 21:57:02
47226,"[21728, 76234, 18623, 80763, 91586]",2024-06-13 00:29:54,2024-07-05 13:32:55
47313,"[45780, 94236, 6676, 35809, 931]",2024-05-17 08:03:55,2024-07-23 19:36:12
47365,"[7877, 25327, 80730, 70813, 34894]",2023-12-05 12:32:19,2024-02-01 04:46:07
47474,"[27643, 60925, 17154, 43712, 44657]",2023-07-02 18:25:16,2023-09-29 06:45:20
47517,"[25327, 14411, 93634, 22575, 94607]",2023-02-16 09:48:35,2023-11-05 22:37:08
47533,"[26652, 23249, 40813, 73387, 72766]",2024-09-08 08:08:58,2024-10-22 03:44:41
47580,"[35666, 83809, 88528, 87481, 89953]",2023-12-01 01:45:38,2024-10-11 01:32:43
47921,"[76368, 84103, 59603, 79336, 24585]",2024-08-27 04:46:31,2024-09-19 00:34:59
48045,"[82540, 93634, 44341, 50563, 33536]",2024-02-01 08:17:04,2024-05-08 23:07:24
48086,"[84699, 18091, 67057, 10135, 79762]",2023-08-09 01:39:02,2023-10-16 04:15:37
48102,"[42041, 74979, 96519, 37256, 62580]",2023-03-02 10:10:24,2024-08-10 16:21:09
48177,"[85347, 98174, 8836, 61919, 51862]",2024-02-29 04:19:14,2024-07-05 06:15:41
48217,"[22189, 98879, 69726, 28095, 80763]",2022-11-30 03:48:39,2024-06-23 08:48:45
48255,"[23753, 80393, 20325, 71772, 86865]",2024-08-13 20:07:01,2024-11-03 14:34:31
48404,"[47047, 57415, 67536, 22273, 38299]",2023-02-01 20:34:38,2024-09-20 15:02:22
48500,"[63175, 20613, 88809, 33601, 56249]",2024-10-19 04:32:48,2024-10-21 20:46:21
48553,"[28212, 33254, 62580, 31576, 95012]",2024-01-01 04:13:50,2024-03-18 02:27:18
48734,"[74729, 39686, 13812, 97651, 93248]",2023-10-12 14:46:21,2024-11-06 15:19:16
48856,"[1442, 44039, 44004, 6860, 12129]",2023-09-17 07:41:12,2023-10-10 14:37:48
48873,"[25102, 47119, 43352, 93863, 8423]",2023-08-18 09:21:37,2024-06-20 01:15:25
48990,"[32825, 92891, 74073, 24777, 89082]",2023-12-31 20:34:13,2024-11-14 19:52:45
49001,"[1319, 1516, 94205, 5035, 41182]",2023-12-24 12:59:53,2024-06-02 18:22:30
49179,"[86689, 8886, 77488, 41856, 83904]",2023-02-05 12:00:15,2024-03-29 01:31:27
49270,"[20150, 39121, 5075, 33403, 80763]",2024-10-27 15:17:22,2024-10-27 19:55:29
49352,"[32517, 40968, 36828, 54813, 49405]",2023-12-05 12:15:35,2024-01-27 23:49:02
49427,"[61186, 66408, 54062, 2351, 68548]",2023-05-05 18:29:37,2024-04-27 21:35:25
49435,"[58183, 67176, 69134, 59603, 17154]",2023-12-07 09:42:03,2024-08-16 01:02:29
49786,"[81448, 67311, 62580, 66137, 12781]",2024-09-26 06:58:49,2024-10-24 20:49:50
49856,"[1319, 5986, 95769, 5468, 81126]",2024-03-23 07:04:10,2024-08-30 02:27:19
49901,"[81804, 80320, 10213, 81119, 24204]",2024-03-18 23:16:12,2024-04-14 14:02:20
49907,"[21910, 76429, 3487, 52917, 45766]",2023-11-07 02:43:07,2024-07-11 09:22:13
50026,"[74556, 80990, 84935, 66200, 91586]",2024-03-06 02:38:37,2024-11-22 02:03:55
50217,"[46472, 11105, 80320, 80393, 34194]",2023-12-24 06:51:45,2024-03-27 20:32:55
50260,"[8328, 3487, 38754, 21728, 39111]",2024-05-21 02:12:43,2024-10-06 00:03:11
50371,"[25782, 85524, 70054, 52432, 8273]",2024-02-16 17:04:10,2024-07-08 00:27:45
50382,"[82970, 41856, 32825, 42041, 54970]",2024-01-11 20:58:00,2024-03-18 07:15:55
50551,"[50803, 57447, 28809, 60925, 31871]",2023-12-02 07:35:14,2024-06-10 01:19:25
50586,"[67311, 89656, 1222, 31962, 15504]",2023-02-13 15:11:30,2024-05-19 18:42:57
50664,"[21052, 44572, 41913, 3663, 23383]",2024-06-22 07:45:29,2024-07-11 01:09:35
50713,"[91685, 69700, 42813, 56394, 59254]",2024-01-10 18:09:40,2024-09-02 09:11:51
50743,"[26327, 77488, 20436, 49542, 38637]",2024-09-16 22:21:35,2024-09-23 08:34:32
50794,"[96494, 45766, 54703, 7877, 61623]",2024-08-15 07:26:27,2024-08-28 16:45:13
51134,"[61962, 66099, 64858, 32382, 29344]",2023-01-30 05:43:18,2023-11-22 00:12:25
51176,"[33536, 3487, 53321, 46446, 35512]",2023-02-26 02:17:32,2024-06-25 03:55:53
51303,"[13025, 46337, 60948, 59254, 86794]",2023-02-26 10:15:48,2023-09-03 11:53:27
51308,"[77497, 3020, 94251, 6125, 78456]",2022-11-28 08:23:18,2024-11-14 11:28:58
51425,"[71750, 96519, 17303, 96727, 59254]",2024-02-22 22:10:08,2024-03-29 21:19:29
51792,"[96295, 44233, 35627, 84699, 26316]",2024-08-02 01:00:47,2024-09-27 02:43:09
51927,"[89033, 25457, 16034, 84238, 98371]",2023-09-10 22:51:56,2024-02-21 07:49:03
52054,"[75369, 67414, 73206, 59559, 14342]",2023-04-07 13:14:11,2024-03-25 01:32:09
52228,"[69932, 85076, 4271, 55172, 54703]",2023-04-02 14:56:01,2023-06-27 09:55:53
52272,"[24484, 83809, 13466, 31318, 66137]",2024-04-21 23:40:35,2024-11-01 17:54:38
52286,"[23051, 93863, 52007, 52772, 56249]",2024-01-22 23:48:58,2024-02-29 16:18:38
52426,"[4174, 99452, 24195, 72420, 89121]",2024-09-24 18:07:52,2024-10-16 08:07:13
52494,"[5316, 60925, 57920, 26327, 54855]",2023-04-02 19:31:23,2023-07-14 18:15:42
52683,"[89121, 58385, 11701, 42889, 47119]",2023-08-15 14:44:34,2024-09-14 14:02:14
52707,"[55374, 62003, 31651, 66938, 80990]",2023-08-20 21:39:22,2024-06-11 21:17:41
52824,"[18368, 65597, 8328, 55569, 35666]",2024-05-25 18:44:02,2024-06-19 04:38:38
52970,"[29728, 27643, 91586, 71939, 33509]",2024-11-05 16:49:25,2024-11-05 18:37:25
52993,"[16698, 49567, 41506, 94489, 34938]",2024-07-21 23:37:34,2024-07-28 22:48:24
53040,"[32382, 39036, 21728, 70723, 93112]",2023-08-19 15:04:57,2023-10-11 18:56:56
53167,"[76288, 28944, 48783, 67311, 56811]",2023-11-24 19:30:42,2024-09-27 01:48:57
53238,"[8278, 21910, 40948, 45800, 61063]",2023-06-11 10:01:13,2023-07-23 21:57:50
53295,"[34408, 82273, 46060, 89033, 54299]",2024-02-21 12:14:15,2024-04-25 10:57:36
53356,"[14621, 59442, 32527, 85691, 85626]",2023-01-18 13:38:30,2023-11-30 05:24:53
53419,"[39892, 25864, 35923, 16976, 12863]",2024-04-21 10:29:58,2024-10-05 09:50:53
53466,"[255, 33391, 18623, 75048, 29687]",2023-03-26 17:12:01,2024-03-12 09:30:24
53563,"[52977, 77755, 74718, 19551, 12595]",2023-10-07 09:12:36,2024-03-07 19:25:35
53758,"[77354, 42041, 27256, 30765, 34111]",2023-05-08 14:29:29,2023-07-04 03:53:40
54097,"[18623, 36906, 15548, 1941, 31642]",2024-10-06 21:27:13,2024-11-16 09:07:34
54124,"[76234, 17303, 78265, 96727, 10435]",2023-07-08 12:29:07,2023-08-02 18:39:42
54141,"[7183, 59673, 36182, 86515, 25782]",2024-10-06 03:07:48,2024-11-12 10:36:33
54265,"[79805, 65915, 37823, 74504, 61186]",2023-05-05 20:09:27,2023-08-08 19:09:31
54382,"[61919, 92196, 43852, 95012, 97856]",2023-12-07 02:03:05,2024-01-17 19:55:51
54564,"[66848, 42101, 27500, 56388, 78456]",2023-05-02 20:40:04,2023-07-14 15:53:41
54620,"[83555, 41856, 7183, 94430, 71946]",2023-07-01 14:43:34,2024-05-07 23:42:42
54802,"[77137, 65458, 54716, 26408, 27521]",2023-09-06 01:33:41,2023-12-28 22:41:53
54895,"[91110, 59442, 31647, 60925, 91518]",2023-07-16 20:08:36,2023-12-15 22:59:05
54969,"[86908, 87863, 75870, 17679, 60729]",2023-01-30 00:35:01,2024-04-26 16:30:10
55131,"[32382, 24195, 43186, 468, 28348]",2022-12-19 06:29:52,2023-07-26 02:11:03
55199,"[23624, 72860, 31065, 77595, 898]",2023-09-22 02:24:14,2024-03-15 09:10:27
55210,"[2351, 19741, 19551, 22797, 10435]",2022-12-21 05:10:46,2024-02-12 02:51:03
55254,"[27852, 37123, 54788, 23305, 81804]",2023-07-06 12:03:19,2023-10-09 04:50:17
55381,"[91586, 76593, 32830, 23505, 89011]",2023-01-09 09:43:36,2023-12-09 15:42:28
55483,"[44029, 44004, 12256, 70225, 50665]",2023-09-28 09:25:41,2024-04-23 20:23:51
55514,"[14944, 73990, 3487, 25327, 24335]",2023-06-08 05:43:34,2023-06-28 09:03:22
55599,"[40968, 41237, 21561, 85274, 37]",2023-05-29 03:37:17,2024-08-02 06:28:17
55748,"[37895, 64369, 22731, 84587, 39111]",2024-04-01 21:30:54,2024-09-08 16:03:41
55796,"[75205, 26888, 69217, 33437, 5316]",2023-10-10 06:35:59,2024-05-09 02:27:01
55805,"[52319, 55678, 91868, 8836, 43168]",2024-06-04 17:07:45,2024-10-01 20:01:49
56022,"[34938, 54788, 67305, 99948, 51547]",2024-02-08 04:07:31,2024-06-04 02:07:16
56074,"[14944, 55447, 92550, 30618, 36828]",2023-11-02 14:03:55,2023-11-17 22:11:19
56163,"[23548, 21550, 19551, 66137, 16165]",2023-12-09 10:32:28,2024-03-25 08:21:48
56183,"[96836, 20652, 58385, 29687, 78265]",2024-08-20 16:18:12,2024-10-10 15:41:09
56264,"[10533, 26295, 17901, 71217, 75044]",2023-01-13 23:48:23,2024-08-26 14:50:45
56707,"[83733, 59603, 31871, 9255, 22945]",2024-10-19 04:56:23,2024-10-26 19:46:24
56845,"[81804, 95680, 47664, 1134, 77070]",2023-12-12 16:16:31,2024-01-23 01:38:05
57080,"[7183, 98371, 69726, 25452, 98324]",2023-02-06 07:19:05,2024-10-18 15:11:35
57096,"[15175, 38637, 55172, 17252, 12004]",2024-03-22 08:19:46,2024-10-29 09:34:58
57258,"[35923, 74729, 468, 17105, 14533]",2024-02-07 01:51:49,2024-08-17 22:01:25
57456,"[82033, 63175, 1361, 92550, 83225]",2024-10-05 09:57:04,2024-11-09 17:02:27
57527,"[4279, 45965, 60925, 38299, 22945]",2022-12-01 15:16:13,2023-11-22 05:14:04
57652,"[33425, 65915, 96157, 44004, 86349]",2023-05-19 20:25:25,2024-03-02 00:30:38
57735,"[36420, 50803, 8423, 39686, 17848]",2022-12-03 00:35:56,2024-04-15 03:14:20
57935,"[86328, 780, 54299, 79597, 93634]",2024-06-24 02:07:13,2024-09-09 07:10:07
58033,"[83809, 87498, 96079, 43712, 60653]",2023-02-03 01:18:14,2023-09-04 22:53:06
58208,"[22530, 13459, 8842, 21822, 94591]",2024-04-10 06:22:01,2024-06-30 13:09:10
58215,"[33003, 46446, 12863, 38594, 31052]",2024-10-13 08:52:11,2024-10-17 11:08:08
58369,"[11860, 35512, 1222, 36684, 82200]",2023-07-09 12:25:38,2024-07-27 02:37:32
58741,"[59413, 61623, 94430, 55737, 91685]",2024-06-24 18:59:03,2024-09-19 04:43:17
58788,"[84587, 16976, 25132, 49363, 25102]",2024-08-22 09:09:19,2024-09-26 13:33:16
58819,"[49363, 78014, 8278, 59673, 49542]",2023-03-28 20:07:54,2023-05-30 10:57:39
58960,"[11253, 69749, 68020, 13454, 33072]",2023-02-21 00:38:07,2024-05-16 17:48:58
59111,"[81448, 60729, 59141, 92675, 65560]",2024-07-21 08:39:25,2024-08-11 18:06:55
59144,"[68889, 69678, 38027, 17848, 70225]",2024-09-06 02:01:12,2024-10-25 16:07:25
59258,"[35627, 6933, 65834, 38594, 50563]",2024-09-21 12:37:55,2024-10-18 22:06:33
59443,"[26408, 33403, 39036, 10135, 37851]",2024-07-12 05:51:16,2024-09-17 11:43:56
59743,"[42101, 23590, 31053, 69879, 1222]",2024-11-17 22:58:05,2024-11-18 02:59:29
59830,"[28311, 91110, 20150, 76473, 31971]",2023-02-04 05:06:01,2023-10-29 01:40:22
59902,"[28809, 55447, 33425, 174, 86794]",2023-04-14 02:21:30,2023-08-24 05:01:49
60330,"[80320, 49405, 98836, 79597, 48160]",2024-10-27 12:48:29,2024-10-30 03:49:39
60443,"[12863, 30768, 75870, 931, 31971]",2023-08-21 08:46:19,2023-11-29 18:29:45
60454,"[52977, 35512, 34408, 80166, 69678]",2024-04-29 08:41:58,2024-09-03 01:47:35
60570,"[21052, 26652, 18623, 33437, 35097]",2023-04-18 16:30:09,2023-11-22 18:29:38
60616,"[13459, 91687, 82975, 23383, 42101]",2023-10-08 03:38:12,2024-07-22 16:35:49
60666,"[22675, 61526, 99069, 31864, 48783]",2024-08-15 10:46:31,2024-10-18 12:44:29
60705,"[80763, 71750, 20436, 37895, 29687]",2023-04-11 18:57:09,2024-02-20 09:33:03
60780,"[94086, 39036, 35271, 29769, 46060]",2024-05-27 21:43:16,2024-08-24 12:16:13
61230,"[44141, 3004, 92891, 77825, 89413]",2023-08-18 09:01:54,2024-09-02 06:55:29
61262,"[40948, 47390, 25102, 69362, 31084]",2024-11-12 00:34:04,2024-11-13 16:00:03
61690,"[15548, 56175, 85948, 28095, 24670]",2024-08-20 17:24:19,2024-11-14 08:19:14
61745,"[17154, 87894, 45680, 50352, 10621]",2024-08-22 08:50:31,2024-09-22 18:39:44
61848,"[54299, 91685, 16698, 50563, 67305]",2023-01-17 11:36:00,2024-08-09 10:42:49
61849,"[26244, 28942, 30490, 7092, 22174]",2023-08-17 11:35:34,2023-10-14 01:39:27
61908,"[46060, 53335, 12804, 47027, 68889]",2023-08-09 20:49:21,2024-05-02 13:56:48
62009,"[77488, 94591, 6437, 81561, 60948]",2024-04-10 13:55:57,2024-07-16 14:43:47
62019,"[33291, 65440, 18368, 67414, 46170]",2023-06-23 06:07:16,2024-02-21 16:55:18
62358,"[51807, 91518, 9311, 17105, 41237]",2023-12-08 03:58:56,2024-03-28 13:29:07
62384,"[95595, 774, 67305, 43949, 30467]",2023-10-27 06:53:14,2024-08-25 12:25:39
62407,"[34013, 85795, 80320, 47047, 32825]",2023-11-06 23:09:05,2024-02-11 20:50:06
62419,"[24585, 21889, 44158, 64369, 82540]",2022-12-05 05:27:01,2023-06-22 09:31:40
62471,"[86670, 26652, 89487, 40813, 61274]",2024-05-13 09:19:42,2024-10-26 21:32:04
62846,"[55159, 38027, 79336, 40813, 43756]",2023-09-06 07:12:02,2024-11-18 08:32:36
63038,"[24042, 21803, 55950, 85626, 48]",2023-12-18 20:04:53,2024-11-03 20:00:36
63082,"[1941, 15087, 7810, 76473, 26290]",2024-06-07 16:44:22,2024-09-18 14:16:28
63122,"[32527, 91640, 17532, 49717, 39768]",2023-09-23 08:37:48,2024-07-12 15:11:58
63259,"[56249, 52790, 55544, 80166, 71772]",2023-04-14 09:30:55,2023-08-13 16:19:33
63313,"[41553, 79590, 4396, 16764, 29769]",2023-05-03 12:28:53,2024-09-23 01:50:39
63692,"[26295, 32517, 26316, 7658, 16034]",2023-06-26 17:19:56,2024-06-30 12:21:25
63693,"[82970, 23590, 38299, 87498, 4091]",2023-04-16 07:01:11,2023-12-01 09:13:36
63721,"[95012, 14621, 20718, 39312, 71217]",2024-05-24 01:08:59,2024-08-11 23:42:57
63972,"[3433, 24585, 49635, 23037, 31687]",2023-01-09 08:25:04,2024-11-17 07:36:28
64020,"[55950, 68889, 75205, 89525, 20613]",2023-10-20 05:46:09,2024-01-07 17:15:29
64048,"[14961, 28944, 51054, 91599, 86908]",2024-10-21 22:24:55,2024-10-22 18:26:47
64170,"[95680, 20652, 8806, 14306, 89121]",2023-09-18 16:22:10,2024-11-20 12:53:41
64176,"[60420, 8328, 79597, 78265, 50563]",2023-09-28 13:21:12,2023-12-17 13:27:49
64242,"[25452, 98174, 70243, 55470, 18368]",2024-02-22 15:11:26,2024-07-28 19:17:39
64340,"[52007, 70723, 2498, 37974, 72766]",2022-11-26 16:12:19,2023-11-27 13:31:22
64420,"[1219, 96452, 67841, 33509, 11701]",2024-03-18 21:12:09,2024-08-09 04:49:39
64433,"[49566, 59925, 21561, 98162, 40813]",2024-01-23 00:05:01,2024-05-20 04:19:01
64610,"[99452, 94922, 46594, 39547, 74073]",2024-10-12 13:38:35,2024-10-23 04:14:17
64789,"[29853, 58507, 76593, 53017, 98162]",2023-12-23 03:22:14,2024-10-20 12:53:43
65316,"[55661, 51215, 49845, 72860, 75592]",2023-05-03 21:46:20,2024-09-02 17:45:29
65318,"[41553, 52066, 69217, 31084, 6282]",2023-03-02 11:46:54,2024-02-26 09:35:39
65400,"[66228, 39817, 4124, 38387, 12004]",2024-04-18 18:34:36,2024-08-03 03:36:20
65424,"[37016, 19745, 23374, 42014, 15504]",2023-03-04 17:11:28,2024-01-25 03:20:12
65437,"[31871, 34490, 38299, 39817, 55202]",2024-11-13 08:16:11,2024-11-19 07:17:16
65579,"[37851, 24777, 96415, 41152, 65874]",2023-01-09 18:50:30,2023-03-24 22:59:38
65604,"[92196, 91030, 77354, 45301, 80393]",2022-12-16 09:09:05,2023-10-18 21:40:18
65631,"[49967, 16034, 24831, 58242, 55661]",2024-03-20 00:46:02,2024-05-07 22:11:35
65738,"[39686, 3663, 10827, 14465, 41398]",2022-12-02 16:47:18,2024-03-03 03:49:25
65793,"[41506, 67056, 66502, 89106, 79805]",2023-07-16 12:44:51,2023-12-12 03:04:34
65830,"[48160, 52319, 83904, 94236, 52948]",2023-08-08 15:18:58,2024-05-08 07:19:29
65864,"[11253, 55202, 33072, 14834, 68889]",2024-07-15 19:37:48,2024-09-05 21:08:35
65865,"[85031, 83814, 931, 1056, 80166]",2024-01-05 17:44:57,2024-05-28 13:03:30
65884,"[55661, 19633, 48458, 96415, 12558]",2023-07-15 02:59:45,2024-07-26 19:53:08
65901,"[83617, 86801, 40186, 89362, 74878]",2024-05-03 14:16:03,2024-09-21 18:33:56
65929,"[48458, 56072, 31318, 89033, 81748]",2024-03-30 18:12:14,2024-07-07 01:38:33
65969,"[19810, 37256, 85691, 56747, 1222]",2023-07-22 21:26:19,2023-08-24 00:18:43
66306,"[23037, 82778, 31871, 80763, 93862]",2024-11-09 08:38:43,2024-11-16 01:30:33
66356,"[53335, 67884, 59757, 82975, 37895]",2023-11-28 17:01:54,2024-02-04 15:30:40
66768,"[28610, 29211, 78014, 72022, 16034]",2023-07-13 11:09:10,2023-08-28 17:59:31
66900,"[82268, 24666, 468, 29853, 32517]",2023-10-01 22:35:45,2023-10-03 20:33:08
66987,"[3433, 72022, 34944, 97068, 55737]",2023-07-20 00:41:24,2024-06-15 17:54:44
67259,"[17105, 58183, 31687, 67015, 41553]",2022-12-22 07:38:37,2023-07-26 07:40:44
67279,"[23305, 82778, 43352, 30788, 36684]",2023-12-20 20:49:27,2024-04-28 17:03:09
67282,"[45766, 89487, 67536, 82540, 27643]",2023-07-18 16:36:26,2023-12-25 07:53:52
67298,"[8842, 30990, 78265, 17848, 3487]",2023-04-26 10:21:40,2024-06-25 19:34:04
67321,"[95595, 25132, 89082, 53017, 3020]",2023-07-09 00:45:18,2024-06-05 16:34:45
67351,"[57415, 33509, 19633, 36182, 50563]",2024-04-14 16:42:59,2024-11-07 03:20:48
67378,"[78014, 716, 87950, 35500, 62567]",2023-04-04 00:52:34,2023-09-13 06:27:46
67481,"[39036, 64858, 14465, 14834, 43352]",2024-11-13 02:03:46,2024-11-19 03:00:36
67502,"[86515, 14342, 61392, 97651, 98324]",2024-08-05 10:35:39,2024-08-27 15:15:49
67515,"[79590, 29746, 20436, 23505, 24962]",2023-12-25 18:41:36,2024-05-05 10:35:07
67763,"[40186, 69362, 58507, 780, 63102]",2024-10-17 05:36:23,2024-11-07 03:45:42
67878,"[78812, 89636, 51748, 6933, 3004]",2024-06-17 18:14:11,2024-07-21 18:24:50
68011,"[27256, 12699, 89525, 45965, 22273]",2023-11-21 22:41:30,2024-05-22 05:13:11
68042,"[8423, 3004, 63175, 61962, 54898]",2023-02-12 03:23:58,2023-10-22 00:31:27
68119,"[86801, 34072, 42889, 31642, 20325]",2024-06-22 18:01:03,2024-07-28 03:43:13
68247,"[63175, 3004, 31866, 5585, 87762]",2024-03-06 07:05:50,2024-07-07 17:25:48
68285,"[27174, 30990, 48948, 1134, 60729]",2024-08-18 04:32:35,2024-08-29 19:46:20
68323,"[255, 53683, 28944, 83814, 26920]",2023-05-13 17:33:18,2023-09-01 06:37:28
68424,"[78812, 69879, 24777, 89392, 63102]",2023-09-07 09:34:28,2023-10-22 23:40:32
68466,"[37315, 42900, 11105, 92244, 59603]",2024-01-10 06:57:32,2024-11-16 08:51:51
68571,"[73206, 24236, 48160, 83225, 5986]",2024-05-17 07:55:47,2024-07-28 07:37:49
68697,"[23599, 55470, 79336, 3487, 2351]",2024-08-14 21:52:02,2024-08-19 12:39:39
68928,"[55202, 66502, 31084, 27500, 71217]",2024-01-24 14:24:10,2024-03-02 06:16:05
69058,"[19741, 91868, 32830, 23305, 38594]",2023-11-20 13:43:30,2023-12-30 21:26:34
69084,"[38594, 23249, 89424, 51034, 94251]",2023-01-15 14:38:47,2023-11-17 18:47:48
69101,"[38637, 20322, 69932, 69217, 24831]",2022-12-13 23:28:09,2023-02-28 16:08:44
69172,"[45965, 49935, 61063, 52594, 50352]",2024-04-29 08:53:42,2024-09-14 04:17:57
69214,"[29344, 77755, 36684, 76234, 34490]",2023-03-11 08:26:30,2024-09-09 11:05:53
69228,"[85948, 31971, 13811, 54716, 64873]",2024-01-28 18:25:42,2024-06-28 01:24:19
69265,"[89424, 71939, 39408, 68611, 55172]",2024-08-21 19:20:43,2024-11-18 20:31:49
69442,"[20718, 67841, 6282, 16368, 30990]",2023-06-28 19:53:17,2023-10-25 14:56:40
69498,"[47173, 22174, 49566, 31576, 66628]",2024-02-25 22:03:10,2024-07-21 17:49:31
69715,"[74729, 80730, 18091, 51547, 25132]",2023-01-09 19:16:16,2023-04-12 05:22:11
69876,"[18658, 35666, 15087, 3181, 93614]",2022-12-27 06:19:34,2023-10-16 12:29:19
69936,"[56747, 898, 98836, 92542, 52594]",2023-04-27 15:48:00,2023-10-23 11:13:15
70010,"[28944, 36896, 38296, 45382, 32448]",2023-09-24 07:35:27,2024-08-16 12:34:21
70055,"[42900, 94086, 49717, 82268, 31052]",2024-05-09 07:28:56,2024-07-15 02:24:14
70063,"[11853, 50803, 51661, 19741, 91685]",2023-11-23 15:15:42,2024-08-22 14:59:39
70143,"[44391, 67536, 4124, 94591, 26920]",2024-11-13 20:29:04,2024-11-14 03:38:49
70184,"[50224, 92011, 67841, 25864, 94205]",2023-05-24 03:37:16,2024-10-15 13:11:43
70378,"[26316, 51054, 95769, 73206, 82273]",2024-05-06 01:20:51,2024-09-05 21:22:15
70532,"[34408, 55159, 16272, 49845, 96643]",2024-09-21 04:45:09,2024-10-21 10:19:59
70631,"[41856, 24296, 34944, 75048, 28348]",2024-11-12 21:28:23,2024-11-19 16:33:15
70763,"[66628, 8842, 51807, 94671, 88818]",2024-07-30 06:21:19,2024-08-21 12:57:23
70839,"[8886, 49635, 2261, 52188, 91030]",2024-11-05 21:05:13,2024-11-14 21:18:07
70887,"[24777, 43352, 17154, 3433, 60925]",2023-09-30 16:12:38,2024-06-09 05:21:41
70980,"[66628, 81448, 17252, 41856, 24585]",2023-11-15 13:35:34,2024-04-18 17:56:25
71195,"[30768, 86328, 31052, 15376, 43194]",2024-10-13 19:34:51,2024-10-26 02:17:45
71229,"[19836, 41398, 67414, 84935, 31040]",2023-08-18 14:32:08,2024-10-13 16:51:03
71314,"[44004, 49567, 69134, 89121, 47047]",2024-06-28 19:33:07,2024-07-22 11:57:35
71381,"[99184, 780, 30990, 37823, 49566]",2023-11-10 01:10:00,2024-03-15 21:52:19
71447,"[74979, 82120, 18083, 51018, 16368]",2023-05-18 08:00:07,2023-10-10 12:50:20
71481,"[77825, 89424, 54563, 45780, 74504]",2023-01-26 16:22:20,2024-03-26 17:39:21
71487,"[24883, 62516, 45680, 38754, 21910]",2023-01-13 13:12:44,2023-09-23 21:47:40
71561,"[21052, 73206, 61962, 75205, 71579]",2024-09-19 08:17:45,2024-10-29 02:21:31
71655,"[33425, 50071, 51862, 48783, 61274]",2023-12-20 16:33:54,2024-06-25 06:06:42
71752,"[89196, 60372, 31299, 41913, 67536]",2024-03-31 04:38:11,2024-06-24 14:48:06
71753,"[43342, 65874, 85795, 46337, 80376]",2024-04-03 03:00:20,2024-07-30 11:48:07
71921,"[5468, 31052, 21561, 28944, 23046]",2024-03-07 01:22:32,2024-06-11 13:10:25
71936,"[69749, 55821, 7092, 15504, 20652]",2023-11-24 06:36:34,2024-01-24 05:10:06
72090,"[7658, 15087, 20322, 93863, 88809]",2024-04-29 12:54:19,2024-10-01 07:40:16
72314,"[6638, 6676, 34490, 89656, 44572]",2024-09-12 06:21:42,2024-10-04 12:13:28
72400,"[6933, 69280, 931, 96415, 54871]",2023-11-27 06:47:41,2024-07-29 15:45:51
72463,"[63920, 66099, 14815, 77825, 44158]",2023-02-07 16:44:32,2023-12-20 00:43:39
72566,"[64830, 97799, 47664, 74878, 84935]",2023-09-30 04:02:34,2024-11-08 13:39:31
72575,"[65356, 38754, 49845, 78527, 37823]",2024-10-26 10:32:15,2024-11-15 14:24:49
72608,"[50071, 72022, 82970, 94607, 66617]",2022-11-25 00:22:49,2024-10-12 23:22:32
72721,"[12129, 16368, 10135, 26511, 43426]",2023-11-24 18:53:11,2024-09-06 18:38:02
72837,"[13810, 90943, 52977, 87950, 35386]",2022-12-26 19:39:21,2023-06-05 10:16:45
72999,"[83555, 4271, 54563, 63175, 6746]",2024-03-20 02:22:00,2024-06-06 02:14:10
73032,"[19641, 46337, 24666, 86689, 32666]",2024-06-19 12:22:53,2024-08-10 17:17:54
73126,"[85782, 79762, 37895, 86037, 40968]",2023-11-18 05:33:50,2024-10-08 16:13:45
73225,"[74723, 66099, 26006, 53270, 56175]",2023-09-07 08:24:27,2024-01-06 11:45:52
73410,"[24335, 90917, 33509, 86865, 30765]",2024-08-24 19:27:48,2024-10-13 09:31:09
73498,"[64669, 45301, 74073, 17901, 60434]",2024-01-15 14:33:47,2024-01-22 17:31:01
73803,"[82120, 72022, 49415, 94430, 24204]",2024-09-09 04:38:51,2024-09-17 17:27:47
73927,"[44158, 19633, 45985, 89121, 21550]",2023-07-10 23:40:31,2023-09-25 09:55:51
73950,"[75565, 73206, 16976, 55371, 53683]",2024-05-02 21:05:05,2024-05-13 22:50:09
74134,"[81870, 89236, 44341, 55737, 22945]",2024-05-01 05:41:46,2024-11-17 02:55:56
74231,"[69726, 87005, 43186, 58242, 1222]",2024-08-06 10:18:13,2024-08-20 04:06:54
74257,"[86670, 4396, 27521, 79336, 96295]",2024-10-22 21:01:21,2024-11-18 20:10:16
74325,"[35007, 76710, 67414, 31651, 11853]",2024-01-19 09:19:09,2024-04-17 19:03:32
74378,"[89362, 4279, 87918, 65458, 39547]",2024-05-29 13:15:29,2024-08-18 09:00:22
74481,"[5986, 55544, 40813, 68765, 3487]",2024-11-21 01:47:13,2024-11-22 10:32:35
74534,"[6860, 49322, 64369, 45191, 31576]",2024-03-12 00:46:07,2024-08-20 18:58:48
74559,"[59413, 87481, 99843, 46060, 50224]",2024-03-31 02:29:44,2024-06-05 16:55:50
74645,"[37016, 48948, 68548, 43949, 50710]",2024-03-17 01:08:16,2024-03-19 15:34:54
74650,"[87005, 95661, 4174, 10621, 45043]",2023-01-15 23:58:04,2024-04-02 12:01:41
74780,"[80499, 86670, 774, 40948, 24951]",2024-11-12 05:52:18,2024-11-14 22:20:20
74806,"[54716, 32666, 40813, 18923, 55470]",2022-11-30 20:18:46,2022-12-04 20:39:52
74826,"[55737, 55202, 56388, 8278, 33003]",2024-01-24 13:51:14,2024-06-12 10:15:07
75050,"[98143, 21822, 21910, 57920, 53270]",2023-07-08 13:58:01,2024-02-26 07:38:34
75189,"[95769, 5387, 39312, 5075, 18923]",2023-11-18 15:51:29,2024-02-27 07:05:51
75414,"[19741, 33601, 65356, 98747, 31647]",2023-12-07 20:11:28,2024-02-25 12:30:26
75485,"[69749, 19633, 99840, 45474, 94430]",2024-07-01 16:11:30,2024-08-05 07:40:09
75531,"[89121, 65834, 85347, 89525, 87481]",2023-03-13 18:11:21,2023-04-20 00:06:21
75532,"[49935, 74979, 49322, 54299, 46446]",2024-01-07 08:03:23,2024-07-22 08:02:01
75586,"[67442, 52188, 39547, 78359, 91586]",2023-05-28 02:23:29,2024-09-15 20:14:39
75709,"[19641, 54299, 37256, 31950, 96295]",2023-01-06 18:05:15,2024-05-11 04:26:37
75752,"[69749, 6437, 66228, 63102, 1361]",2024-03-28 17:10:58,2024-04-15 01:58:07
75942,"[23753, 96415, 12004, 47047, 19302]",2023-04-08 00:26:59,2024-09-13 15:57:08
75960,"[89413, 32781, 43168, 96452, 30765]",2024-01-01 17:45:32,2024-07-02 21:44:20
76033,"[32825, 85524, 55447, 81561, 23505]",2024-02-06 02:27:51,2024-05-10 13:10:50
76098,"[57415, 98371, 32517, 4002, 42813]",2023-03-09 02:11:13,2024-03-08 01:24:46
76099,"[94251, 45780, 52432, 11853, 58507]",2023-07-21 21:04:39,2024-06-14 20:21:16
76183,"[71772, 18272, 81748, 31576, 22509]",2024-02-18 01:29:36,2024-09-28 22:36:57
76263,"[25839, 53321, 66938, 75565, 10435]",2023-06-14 01:59:25,2024-05-15 15:09:59
76313,"[72766, 14342, 5387, 14411, 58385]",2022-12-06 17:49:08,2024-02-27 17:49:02
76506,"[23599, 82778, 55401, 33425, 45171]",2024-06-05 04:42:35,2024-06-18 05:37:29
76529,"[24831, 21867, 74504, 51807, 64669]",2023-11-29 22:45:00,2024-04-04 22:27:54
76546,"[27852, 94251, 31053, 89636, 73990]",2024-10-24 02:15:14,2024-10-31 02:07:13
76797,"[83987, 84587, 30618, 51018, 44233]",2024-08-03 09:45:56,2024-09-04 02:52:17
77000,"[94607, 34944, 75369, 65440, 77070]",2024-06-24 16:10:31,2024-10-05 03:47:11
77049,"[43352, 10135, 30618, 60561, 24670]",2022-12-07 03:16:52,2023-08-04 23:29:26
77106,"[49567, 33503, 31299, 48783, 24585]",2023-12-16 12:11:10,2024-09-13 22:49:23
77158,"[61274, 66514, 12558, 98323, 6604]",2022-11-28 22:36:23,2024-09-25 09:14:37
77334,"[25888, 73387, 34944, 81748, 36182]",2023-10-08 10:15:36,2023-11-21 11:59:11
77391,"[12863, 83809, 48458, 11029, 23051]",2023-12-30 15:19:59,2024-06-03 18:48:29
77426,"[37315, 70054, 58739, 24802, 55159]",2022-12-13 08:23:50,2024-08-15 21:17:01
77446,"[30467, 96157, 45985, 28069, 21889]",2024-02-02 16:39:26,2024-04-10 14:50:36
77484,"[24042, 5585, 51491, 31962, 48160]",2024-05-31 05:05:00,2024-08-08 21:14:06
77563,"[66137, 93248, 54703, 13861, 75565]",2023-08-02 03:38:36,2023-09-26 14:37:41
77591,"[43852, 23548, 1056, 56104, 56394]",2024-06-21 16:05:19,2024-10-26 17:42:41
77765,"[51765, 42995, 44039, 52432, 32071]",2023-12-09 21:16:22,2024-01-07 00:23:00
77848,"[18272, 58507, 83987, 8886, 53321]",2024-04-03 12:05:46,2024-06-25 04:50:31
77995,"[24484, 74018, 68889, 43852, 99184]",2024-10-08 13:16:49,2024-11-13 19:30:27
78043,"[89362, 61962, 83225, 22731, 63722]",2023-12-14 06:13:07,2024-04-16 03:42:58
78243,"[63171, 79805, 24296, 55678, 55202]",2023-06-09 05:03:16,2024-09-09 02:30:27
78281,"[54871, 6860, 14504, 14306, 96519]",2024-01-20 00:17:44,2024-01-27 04:26:00
78590,"[25452, 13454, 23753, 95012, 23374]",2024-01-17 21:21:19,2024-04-12 20:27:25
78605,"[88809, 39547, 54792, 26920, 99184]",2024-06-17 01:54:05,2024-11-10 16:24:15
78876,"[93862, 39121, 79154, 26290, 89413]",2023-12-27 09:40:15,2024-03-08 04:14:49
78902,"[66200, 86689, 51034, 27521, 4091]",2023-08-23 03:36:28,2023-11-04 02:35:50
78912,"[69877, 7549, 55661, 37974, 89840]",2024-04-22 17:01:36,2024-09-19 23:44:44
78925,"[33003, 35386, 92891, 25888, 44720]",2024-05-07 14:02:26,2024-10-01 16:15:50
79064,"[91076, 76710, 14342, 84587, 21728]",2023-12-17 10:43:37,2023-12-25 10:45:37
79130,"[65834, 71635, 24802, 91685, 56249]",2023-09-06 10:14:35,2024-10-16 21:10:13
79159,"[23505, 12699, 83733, 1104, 23590]",2023-07-20 07:19:59,2024-01-02 08:04:04
79160,"[26920, 62580, 20718, 61392, 7658]",2023-10-31 13:04:44,2024-08-01 16:37:42
79215,"[15175, 42041, 92745, 27438, 55678]",2023-11-12 02:47:39,2024-04-27 21:20:45
79315,"[39817, 17354, 18091, 23590, 54855]",2024-06-06 17:27:58,2024-06-19 07:43:42
79316,"[13429, 69700, 41752, 28809, 45301]",2024-08-17 18:57:26,2024-10-14 15:05:43
79362,"[22783, 16855, 20718, 35097, 9311]",2023-06-15 18:25:38,2024-08-13 07:48:36
79397,"[58739, 93614, 44720, 47173, 75418]",2024-08-01 11:06:38,2024-08-06 11:38:28
79435,"[99843, 89392, 2706, 44657, 80499]",2024-04-11 20:51:53,2024-08-12 19:53:27
79600,"[25888, 39408, 35666, 67841, 89011]",2024-04-17 19:01:41,2024-09-12 12:56:13
79623,"[83987, 33509, 31651, 73124, 46170]",2024-05-27 04:44:10,2024-10-17 04:53:33
79717,"[22797, 67305, 77742, 39547, 32382]",2023-05-01 23:01:45,2024-04-02 08:28:12
79721,"[73903, 4396, 75418, 46472, 17216]",2024-01-27 00:15:49,2024-10-10 10:44:26
79795,"[36896, 52007, 94716, 78458, 29746]",2024-08-06 18:37:22,2024-11-13 00:56:24
79961,"[14834, 18272, 22783, 89392, 34938]",2022-11-26 21:06:04,2023-08-21 04:40:50
80006,"[20718, 30712, 32047, 31687, 25864]",2023-04-06 15:02:12,2023-07-23 04:28:28
80044,"[33291, 7291, 81804, 51215, 66617]",2023-11-11 20:44:34,2024-02-19 16:30:11
80060,"[33536, 86794, 80166, 10435, 46446]",2024-09-09 10:16:11,2024-09-13 05:03:11
80118,"[33072, 55401, 81748, 80320, 27643]",2023-05-20 15:55:17,2023-12-21 07:53:05
80248,"[39817, 66340, 81119, 94487, 65356]",2023-06-18 04:25:41,2023-09-27 23:55:07
80304,"[15175, 38250, 42014, 13459, 43194]",2024-10-15 11:16:39,2024-10-30 16:13:14
80308,"[23305, 87950, 89082, 21889, 28095]",2023-04-24 13:44:11,2023-07-05 02:59:55
80462,"[28069, 29211, 33003, 85782, 76473]",2024-09-01 02:14:22,2024-11-16 09:36:02
80476,"[26244, 52594, 23305, 79336, 71772]",2024-06-01 13:44:00,2024-11-14 00:18:41
80569,"[7810, 85795, 31427, 2498, 1222]",2024-05-14 03:16:41,2024-09-29 21:11:27
80624,"[18091, 89636, 76234, 17216, 38387]",2024-01-26 08:18:28,2024-11-09 14:59:38
80829,"[92745, 80763, 45043, 54813, 44720]",2023-10-13 05:15:34,2024-03-10 05:01:18
80868,"[21277, 19810, 37315, 87950, 91586]",2024-07-15 00:28:57,2024-10-12 06:19:47
80879,"[85691, 75048, 67305, 46170, 24802]",2023-11-24 07:33:06,2024-09-09 22:17:10
80907,"[45382, 93130, 44720, 69700, 89106]",2023-03-27 02:40:07,2023-04-06 22:47:03
80987,"[55222, 14834, 37016, 8423, 75870]",2023-01-23 01:33:54,2023-03-23 05:59:02
80991,"[90320, 32382, 98371, 6316, 85524]",2022-11-23 04:39:35,2023-09-25 15:18:28
81156,"[12781, 2498, 96836, 23374, 38637]",2023-06-02 08:16:15,2024-07-03 12:17:54
81327,"[53335, 83648, 95012, 3433, 77825]",2024-05-29 07:38:17,2024-08-27 19:26:06
81433,"[80499, 12129, 65597, 84699, 26652]",2023-01-01 00:50:29,2024-06-17 04:10:59
81473,"[31053, 44391, 82120, 5468, 31866]",2024-02-10 04:18:53,2024-07-19 13:28:55
81632,"[82273, 22273, 89106, 73990, 61526]",2023-05-12 21:59:57,2024-04-03 07:59:22
81682,"[81126, 31299, 97651, 51547, 25452]",2024-05-24 22:03:40,2024-06-12 14:42:23
81709,"[78527, 82993, 39036, 30788, 43168]",2024-05-10 07:57:56,2024-06-02 05:29:36
81807,"[33003, 20322, 96727, 34490, 72860]",2023-06-30 23:27:54,2023-10-05 08:30:22
81826,"[44039, 54792, 23051, 24816, 52066]",2024-03-06 06:40:37,2024-09-21 05:13:31
81917,"[34490, 48, 89392, 39686, 77866]",2024-02-08 12:26:54,2024-08-15 14:23:19
81975,"[4091, 14815, 81119, 38250, 39697]",2024-09-06 01:48:29,2024-10-12 22:22:46
82016,"[54970, 69280, 35386, 23305, 44720]",2024-10-23 12:08:27,2024-11-15 16:15:10
82168,"[60766, 14961, 35627, 45171, 36906]",2023-12-03 22:33:42,2024-06-28 11:55:14
82457,"[55950, 81562, 51547, 93130, 43949]",2023-10-07 07:15:38,2024-07-02 06:12:38
82466,"[17532, 40948, 16976, 24962, 68540]",2023-02-25 08:03:27,2023-05-14 16:34:41
82568,"[28944, 61623, 18033, 37123, 53683]",2024-05-10 19:05:18,2024-09-04 19:30:13
82604,"[29965, 89082, 66617, 76710, 69726]",2023-08-27 16:44:22,2024-08-28 09:28:41
82772,"[34194, 12595, 99396, 69134, 13549]",2023-02-09 07:53:46,2023-09-23 20:33:14
82780,"[16855, 86689, 12863, 43352, 70243]",2023-05-12 06:34:32,2024-05-03 03:55:42
83084,"[8842, 53321, 45474, 66200, 29853]",2023-08-15 04:53:40,2023-10-12 15:29:46
83349,"[72186, 42101, 64369, 6282, 39768]",2024-07-10 12:24:44,2024-08-30 22:32:23
83465,"[95680, 89840, 19745, 28095, 41338]",2023-04-21 20:46:26,2023-12-14 19:36:11
83500,"[5035, 29728, 71579, 46337, 54720]",2023-06-30 19:13:22,2023-10-16 23:21:38
83705,"[255, 49566, 55014, 77825, 18617]",2023-11-02 17:33:38,2024-06-12 21:14:54
83708,"[49845, 28944, 79597, 14342, 72679]",2023-08-14 21:41:43,2024-08-29 14:38:23
83785,"[85076, 2351, 67442, 50352, 14533]",2024-03-22 05:13:47,2024-03-24 10:35:46
83789,"[11853, 56394, 89840, 40813, 50803]",2023-04-12 14:54:03,2023-10-14 08:41:42
83891,"[60100, 82033, 25864, 23590, 22530]",2024-01-23 00:48:18,2024-11-09 00:43:19
83930,"[94236, 45766, 99184, 80499, 33425]",2024-06-23 08:34:32,2024-09-18 02:28:35
84142,"[39686, 20718, 36596, 90320, 80499]",2024-08-13 15:49:01,2024-08-22 09:40:34
84247,"[72022, 80730, 27643, 93335, 3004]",2023-12-30 22:13:18,2024-10-16 16:57:41
84409,"[32830, 13549, 22189, 44572, 774]",2023-11-30 02:41:44,2024-04-05 03:37:50
84768,"[41913, 82120, 14533, 98174, 78014]",2024-08-24 17:55:42,2024-10-20 16:18:37
84779,"[56002, 21550, 19633, 31318, 80730]",2023-10-09 15:08:31,2024-07-13 07:36:22
84919,"[50071, 17252, 60372, 19302, 82778]",2023-11-28 19:04:00,2024-09-28 19:41:25
84939,"[52432, 54703, 19741, 92891, 89362]",2024-10-07 13:20:28,2024-11-01 05:15:45
85066,"[69658, 69879, 77755, 70225, 15376]",2024-07-27 06:08:27,2024-10-27 10:55:18
85118,"[54813, 84935, 64347, 7877, 30251]",2023-07-12 20:15:08,2024-04-15 06:50:58
85172,"[81562, 35627, 20718, 37823, 16764]",2024-03-21 10:05:43,2024-10-05 13:08:48
85174,"[68540, 80730, 66502, 9276, 65874]",2023-11-27 12:58:44,2024-09-01 17:58:30
85216,"[65560, 96173, 54563, 44572, 4396]",2024-11-13 14:09:36,2024-11-16 03:11:36
85245,"[56811, 54898, 76593, 8627, 56249]",2024-08-30 16:45:26,2024-10-11 12:46:32
85300,"[71259, 4124, 28348, 89011, 24484]",2023-09-02 11:48:39,2024-03-05 20:59:35
85308,"[59603, 81119, 96452, 24777, 33536]",2023-10-07 10:29:43,2024-06-18 05:09:04
85338,"[60561, 95151, 50071, 22530, 30990]",2023-06-29 02:03:30,2024-11-07 09:48:54
85823,"[98323, 12781, 80320, 26405, 98766]",2023-06-25 15:13:21,2024-07-23 15:43:06
85841,"[7658, 76288, 23305, 56072, 39099]",2024-10-16 16:21:16,2024-10-21 16:35:59
85856,"[716, 66228, 94487, 66960, 42813]",2023-08-08 07:44:13,2024-04-23 10:59:03
85926,"[48948, 95641, 32830, 24831, 25457]",2024-09-14 10:36:58,2024-09-16 17:15:35
86093,"[99948, 16272, 92745, 39547, 57488]",2023-03-10 10:45:40,2024-05-02 09:32:08
86269,"[6860, 15175, 8806, 25835, 19745]",2024-04-30 09:13:01,2024-06-02 14:45:55
86271,"[25327, 31866, 93862, 97856, 77070]",2023-10-10 13:25:17,2023-12-30 21:57:47
86292,"[73903, 26888, 37256, 91819, 92227]",2023-02-02 17:49:38,2024-11-04 07:55:06
86506,"[3181, 27521, 22945, 4986, 96173]",2023-04-02 10:46:07,2024-04-18 15:25:19
86568,"[66228, 47826, 57415, 94487, 69362]",2024-02-19 05:35:45,2024-02-23 21:29:57
86626,"[77755, 7549, 42101, 42813, 40681]",2022-12-17 17:59:41,2024-01-20 22:43:24
86665,"[93335, 21728, 28944, 50071, 68548]",2022-11-25 04:46:11,2024-06-07 03:08:18
86813,"[26244, 97856, 98371, 35007, 94506]",2023-05-05 00:33:30,2024-10-12 16:37:40
86868,"[44141, 66960, 58507, 31318, 26327]",2023-12-27 05:26:35,2024-06-21 16:39:20
86947,"[33254, 36596, 74723, 17679, 30768]",2022-12-29 06:09:40,2023-08-03 09:59:21
86973,"[50071, 6125, 89424, 90203, 73903]",2023-05-12 12:40:38,2024-03-06 02:44:04
87027,"[41338, 19302, 7877, 77742, 55544]",2023-03-31 23:46:58,2023-05-23 18:23:09
87351,"[17303, 27438, 98143, 49717, 41506]",2023-12-05 10:53:22,2024-06-20 00:56:57
87441,"[42995, 33601, 4174, 45800, 15175]",2023-03-26 06:14:19,2024-02-13 10:48:42
87598,"[12129, 33509, 16764, 41152, 78527]",2023-01-10 23:37:25,2023-06-16 14:02:04
87691,"[60372, 17532, 39111, 28610, 50665]",2024-05-03 01:13:00,2024-05-16 03:11:31
87747,"[20967, 26295, 99184, 38296, 21561]",2023-08-04 01:03:22,2024-07-13 03:43:33
87763,"[84587, 69726, 74723, 15087, 75418]",2024-01-25 13:45:14,2024-06-04 04:05:50
87796,"[7092, 89028, 77742, 39408, 78456]",2023-04-24 04:53:10,2024-08-14 15:45:04
87801,"[35271, 69362, 87918, 55737, 24816]",2023-10-06 11:36:36,2024-04-29 15:03:28
87815,"[40948, 55159, 80891, 16855, 31065]",2024-05-29 08:38:44,2024-11-12 10:58:21
87839,"[67884, 83209, 44004, 27438, 21822]",2024-07-31 01:27:51,2024-10-18 22:36:27
87940,"[63175, 26006, 87863, 34408, 89656]",2024-07-19 15:04:42,2024-10-04 04:05:50
87976,"[54871, 89636, 14815, 86865, 37016]",2022-12-10 03:00:46,2023-09-24 15:02:42
88000,"[19873, 24236, 63919, 32448, 46337]",2024-05-01 15:40:52,2024-06-01 05:16:57
88158,"[76429, 91305, 41752, 27174, 31651]",2024-01-17 18:45:13,2024-05-09 01:31:58
88212,"[83555, 40500, 32382, 79590, 26652]",2023-02-16 22:36:36,2023-06-15 21:06:55
88352,"[61526, 28809, 55401, 59925, 72679]",2024-04-21 15:08:15,2024-10-31 08:53:53
88732,"[1941, 6755, 83555, 80730, 31647]",2023-05-08 12:07:03,2024-01-05 09:09:31
89015,"[74073, 70243, 89011, 48948, 44004]",2024-03-25 15:06:57,2024-10-02 11:53:44
89045,"[99983, 78265, 78812, 56811, 81804]",2024-08-19 09:19:38,2024-10-12 14:23:34
89307,"[30765, 4279, 14834, 8842, 11253]",2024-05-16 06:08:26,2024-08-20 23:31:16
89472,"[75565, 51215, 39686, 66848, 898]",2023-07-20 08:14:28,2024-10-25 05:42:52
89493,"[33509, 89424, 31040, 77825, 77950]",2023-06-26 15:31:16,2024-08-25 02:15:00
89497,"[4091, 7055, 29687, 99843, 53933]",2023-06-23 21:59:09,2023-07-03 13:40:15
89787,"[14504, 79597, 79154, 72679, 80891]",2023-12-21 08:31:02,2024-06-02 21:04:25
89836,"[92891, 97068, 16582, 74718, 71750]",2024-07-16 10:41:14,2024-11-11 05:06:52
89931,"[92792, 69658, 35628, 49363, 26290]",2023-07-04 04:46:23,2023-07-25 08:28:45
89945,"[1104, 1941, 29965, 7915, 48783]",2024-09-12 11:49:10,2024-09-14 14:27:43
90199,"[40015, 22174, 56104, 91076, 29311]",2024-04-03 22:54:02,2024-09-30 06:24:49
90239,"[27174, 29769, 10621, 12129, 96173]",2023-11-21 13:01:43,2024-09-13 19:16:18
90242,"[47173, 74814, 38250, 79247, 44657]",2024-11-02 07:19:08,2024-11-04 03:44:31
90260,"[40681, 45382, 91110, 25835, 33425]",2023-09-17 22:54:52,2023-11-24 08:48:00
90312,"[93112, 67015, 84952, 40968, 93130]",2023-02-21 04:44:14,2023-12-02 05:33:35
90327,"[71635, 61659, 87918, 96519, 36906]",2023-03-19 23:54:43,2024-07-04 13:23:07
90441,"[10665, 7658, 15504, 96727, 32517]",2024-08-10 07:10:11,2024-09-22 04:13:54
90490,"[27643, 29746, 88818, 41145, 86037]",2023-12-29 15:56:10,2024-07-21 15:51:33
90516,"[28564, 40948, 14815, 25888, 81562]",2024-03-15 23:07:06,2024-10-12 04:12:01
90554,"[19741, 65915, 51765, 47119, 89082]",2024-09-15 12:30:19,2024-10-13 17:25:11
90559,"[80166, 51018, 35386, 71149, 28883]",2024-07-19 09:08:17,2024-08-13 05:56:04
90637,"[41237, 27643, 15376, 28883, 77169]",2024-02-07 17:52:13,2024-09-14 22:57:01
90646,"[30467, 19741, 931, 52948, 19810]",2023-09-06 15:04:49,2024-02-17 21:31:21
90764,"[54788, 7915, 44720, 15087, 74556]",2022-12-03 20:07:30,2024-06-21 01:57:07
90831,"[71772, 74723, 51725, 44039, 34111]",2023-02-24 05:42:56,2024-04-12 01:27:49
90837,"[17154, 93248, 24042, 55470, 80990]",2023-04-25 09:16:08,2023-11-15 08:28:45
90924,"[71211, 51862, 3433, 49415, 98879]",2023-04-12 23:17:20,2024-10-25 13:32:57
91006,"[47664, 22189, 26244, 25839, 34072]",2024-07-19 16:08:05,2024-11-09 02:25:40
91095,"[35148, 41398, 79399, 31052, 12507]",2024-09-26 17:26:30,2024-10-31 08:11:21
91100,"[17848, 71635, 58507, 28348, 83904]",2024-02-19 07:56:27,2024-09-15 08:27:22
91187,"[67841, 1319, 14815, 5585, 98143]",2024-05-02 19:09:34,2024-05-13 17:03:56
91207,"[78014, 27500, 27174, 23548, 24666]",2023-10-17 00:54:09,2024-10-16 21:23:53
91474,"[43949, 20322, 56104, 6282, 308]",2024-10-04 22:42:57,2024-10-15 01:08:43
91493,"[14961, 27924, 95641, 7915, 13811]",2023-06-24 04:47:13,2024-01-30 12:54:35
91503,"[92244, 22731, 76234, 4174, 98371]",2023-03-22 17:34:08,2024-01-06 10:31:38
91575,"[69134, 17216, 41913, 19873, 848]",2023-08-23 23:44:04,2024-09-06 05:51:59
91665,"[30788, 63722, 25457, 61063, 35809]",2022-12-07 17:48:56,2023-02-23 04:52:39
91688,"[38754, 91518, 49567, 90320, 93863]",2023-02-14 05:54:08,2023-03-23 17:19:37
92047,"[13812, 92792, 60948, 54716, 49845]",2024-11-09 21:39:33,2024-11-14 10:38:34
92474,"[55401, 30765, 77866, 54871, 16698]",2024-10-25 14:41:05,2024-11-19 06:48:27
92620,"[32448, 43712, 53969, 47047, 98967]",2024-08-20 03:34:19,2024-11-12 22:11:12
92632,"[63919, 16976, 68611, 44029, 55222]",2023-03-03 16:18:04,2023-06-14 03:42:21
92785,"[1222, 82273, 60948, 83733, 31065]",2024-03-05 19:03:25,2024-07-04 17:43:22
92885,"[80320, 24670, 92244, 31299, 3663]",2024-09-16 22:30:33,2024-11-06 10:19:23
92957,"[51807, 32830, 28311, 92542, 36420]",2023-07-11 17:38:13,2024-07-30 12:29:20
93309,"[86908, 13811, 43186, 931, 82200]",2024-01-23 09:56:42,2024-03-14 22:20:52
93321,"[16034, 94236, 67841, 52917, 14342]",2023-10-17 10:47:42,2024-01-01 02:16:59
93324,"[99983, 69280, 65874, 29311, 7183]",2022-12-10 04:27:40,2024-10-01 09:42:45
93424,"[98747, 27500, 41913, 31642, 64369]",2023-10-19 17:02:22,2023-11-27 02:46:10
93470,"[72860, 96519, 21728, 92891, 77354]",2023-02-24 05:48:41,2023-11-15 03:29:39
93585,"[68548, 76295, 255, 86908, 49542]",2022-12-22 05:14:06,2023-10-26 08:24:46
93767,"[54720, 98747, 39121, 19540, 12863]",2024-11-13 14:21:44,2024-11-20 21:10:52
94033,"[67176, 89392, 28942, 18923, 35500]",2024-03-13 01:54:42,2024-10-25 15:44:48
94082,"[29853, 98836, 53270, 79805, 18368]",2024-06-27 23:41:09,2024-11-21 06:14:41
94102,"[52049, 13811, 91405, 43168, 75592]",2024-01-26 18:09:04,2024-05-24 07:00:21
94185,"[92675, 74443, 24195, 94205, 67015]",2023-02-04 18:21:57,2023-11-16 14:25:44
94224,"[85524, 66617, 16165, 51661, 61919]",2024-11-17 13:08:49,2024-11-22 03:42:51
94369,"[91405, 35923, 49153, 4091, 59757]",2023-03-05 13:43:54,2023-07-05 15:21:34
94386,"[58242, 29965, 39817, 3181, 91687]",2023-10-09 01:21:26,2023-10-31 07:48:15
94443,"[76368, 75565, 67311, 39036, 1222]",2024-10-08 20:17:00,2024-11-14 02:55:20
94564,"[25457, 14621, 31299, 17105, 77497]",2023-08-02 05:42:21,2024-03-30 10:34:06
94587,"[74443, 59254, 22675, 77809, 97856]",2023-01-05 18:06:33,2024-05-02 23:00:14
94702,"[94716, 73300, 31065, 13429, 23249]",2023-09-07 19:59:51,2024-04-16 12:37:09
94732,"[81748, 5075, 36596, 41752, 29211]",2024-04-23 16:10:07,2024-09-05 09:27:14
94787,"[806, 77070, 38296, 30385, 20325]",2023-10-12 23:01:15,2023-11-14 05:58:03
94896,"[27521, 70723, 77595, 1941, 93862]",2023-06-11 00:07:22,2023-08-05 06:14:40
94966,"[17679, 82970, 58739, 91586, 31065]",2024-09-24 01:56:39,2024-10-10 03:39:03
95386,"[1941, 38296, 49717, 79399, 35148]",2024-05-11 01:04:59,2024-06-12 20:34:56
95512,"[85626, 66617, 38146, 94086, 57610]",2023-01-28 03:18:25,2023-05-06 14:55:29
95631,"[15504, 92227, 60653, 57280, 34072]",2024-04-19 01:25:02,2024-07-02 13:57:36
95726,"[35148, 2351, 19641, 15376, 57920]",2023-04-18 08:54:10,2023-11-06 09:05:31
95995,"[27438, 66408, 72860, 93863, 19540]",2024-03-08 17:23:06,2024-06-15 00:27:17
96112,"[14944, 49153, 50803, 76368, 72860]",2023-05-19 11:39:37,2024-10-08 15:51:35
96246,"[8886, 21170, 27852, 32825, 19302]",2024-04-08 09:02:22,2024-07-12 13:19:24
96255,"[79336, 46060, 76234, 17679, 43852]",2022-12-10 20:01:14,2024-07-12 11:30:06
96432,"[55569, 420, 76368, 87950, 34490]",2024-10-04 07:18:39,2024-11-07 23:37:47
96440,"[80990, 67536, 96727, 92508, 12595]",2024-05-15 12:28:39,2024-10-28 17:57:21
96518,"[97856, 35627, 67884, 44391, 73206]",2023-11-25 23:28:58,2024-02-09 12:09:14
96583,"[65356, 12558, 96519, 75592, 75205]",2024-03-30 21:49:58,2024-05-04 08:10:21
96632,"[36596, 51215, 99184, 18923, 46060]",2022-12-16 16:12:11,2024-01-04 05:33:10
96983,"[96295, 40186, 74556, 10621, 28942]",2024-10-28 15:57:08,2024-10-30 16:58:42
97079,"[13454, 76473, 19741, 12959, 89636]",2023-09-11 08:05:52,2024-11-06 16:29:20
97106,"[72186, 83648, 6282, 28809, 46060]",2023-07-20 16:38:10,2024-04-27 16:43:36
97117,"[16272, 78861, 48783, 46446, 4124]",2023-03-08 11:52:53,2024-04-20 01:00:26
97230,"[14306, 37123, 39121, 44004, 80499]",2023-07-07 06:18:09,2024-03-01 15:39:40
97366,"[59559, 18033, 97651, 68020, 30990]",2024-02-17 16:44:49,2024-03-19 08:39:43
97423,"[28069, 63171, 49935, 774, 55202]",2023-09-14 03:35:40,2024-11-19 09:33:37
97455,"[75592, 67442, 35923, 14533, 69877]",2024-09-11 17:25:16,2024-10-28 18:27:20
97599,"[83225, 52948, 35627, 10213, 89033]",2024-07-16 10:18:28,2024-10-11 08:35:35
97667,"[34894, 73903, 88818, 56249, 96836]",2023-05-31 17:34:23,2024-07-23 17:44:26
97793,"[78458, 13429, 68611, 14504, 77825]",2023-08-15 10:46:51,2023-10-04 16:12:22
97811,"[78014, 77488, 6645, 36206, 24296]",2022-12-10 22:21:57,2023-07-12 18:14:23
97812,"[71772, 69134, 45780, 42041, 1222]",2024-10-04 19:40:01,2024-10-20 03:45:44
97889,"[21803, 28069, 74979, 89636, 42041]",2023-04-29 03:35:00,2023-10-22 10:06:01
97948,"[90943, 47390, 80393, 22530, 22945]",2023-11-16 07:49:53,2024-03-21 19:10:25
97954,"[30413, 15087, 99843, 53270, 54871]",2022-12-14 04:51:24,2024-10-06 10:29:05
98053,"[93112, 16698, 43756, 60561, 50224]",2023-11-24 21:50:15,2024-02-28 08:15:20
98098,"[55374, 96173, 75592, 30251, 19741]",2024-08-19 04:02:44,2024-10-21 04:48:44
98105,"[26295, 75870, 83814, 85274, 27438]",2023-05-23 04:30:28,2023-08-28 09:24:05
98293,"[26511, 27521, 11105, 73206, 42900]",2024-03-06 08:20:55,2024-08-05 16:49:17
98406,"[74073, 89121, 75369, 32382, 90203]",2024-09-16 10:01:43,2024-10-31 00:57:18
98409,"[83823, 67056, 55222, 36828, 76710]",2023-10-11 09:53:01,2023-12-18 00:06:17
98449,"[25864, 39697, 22675, 42644, 49363]",2024-06-19 17:56:31,2024-07-28 05:44:18
98853,"[45171, 41913, 61392, 89196, 83809]",2023-05-19 04:54:48,2023-07-01 10:29:04
98998,"[51748, 35923, 94430, 93863, 71149]",2022-12-04 18:15:50,2023-03-17 14:26:35
99029,"[93863, 2706, 51748, 32527, 44657]",2024-06-07 06:59:58,2024-08-10 19:51:08
99114,"[33156, 41182, 80891, 22062, 67176]",2023-03-12 02:20:50,2023-12-18 09:17:10
99141,"[31040, 14834, 86037, 24951, 44141]",2024-01-04 08:16:25,2024-11-11 07:13:16
99196,"[35007, 19633, 79590, 96415, 48160]",2023-09-28 16:51:14,2024-04-10 17:23:43
99225,"[55470, 58385, 57280, 31950, 35148]",2024-06-19 21:49:04,2024-08-25 13:11:19
99237,"[55371, 8627, 96519, 64873, 48160]",2023-04-09 09:43:20,2023-09-14 08:43:19
99372,"[57415, 49845, 32448, 72420, 42900]",2023-12-29 20:48:26,2024-01-03 18:20:30
99533,"[69658, 98857, 47664, 40968, 26316]",2023-12-19 15:59:34,2024-01-06 21:05:05
99569,"[94487, 3663, 19302, 85626, 50665]",2024-05-16 14:21:16,2024-08-12 16:09:04
99619,"[42981, 1516, 46337, 75205, 74556]",2023-07-08 03:05:43,2023-07-24 13:21:57
99722,"[73206, 69749, 14621, 99184, 23051]",2024-09-19 02:02:23,2024-11-06 09:15:19
99883,"[62516, 47664, 67536, 98162, 77950]",2023-12-18 14:29:35,2024-01-24 23:35:32
99992,"[7915, 41152, 66628, 22575, 7810]",2023-02-21 17:17:10,2024-07-25 23:51:54
